left_policy,right_policy,split,pair_index,seed,left_side,outcome,left_objective_completed,right_objective_completed,left_score,right_score,decisions,terminated,truncated,peer_tic_lag_max,protocol_inconsistent,action_tic_inconsistent,score_event_inconsistent,scenario_hash,environment_attempts,score_difference
m2-anchor,m2-anchor,validation,250,1019181764,host,win,True,True,2,1,191,False,True,0,False,False,False,91569d20cd52844cfa31284fe8df2886b3d8f2860bacfb6070c5d828511a7cb8,1,1
m2-anchor,m2-anchor,validation,250,1019181764,opponent,loss,True,True,1,2,191,False,True,0,False,False,False,91569d20cd52844cfa31284fe8df2886b3d8f2860bacfb6070c5d828511a7cb8,1,-1
m2-anchor,m2-anchor,validation,251,245721494,host,draw,True,True,2,2,381,False,True,0,False,False,False,91569d20cd52844cfa31284fe8df2886b3d8f2860bacfb6070c5d828511a7cb8,1,0
m2-anchor,m2-anchor,validation,251,245721494,opponent,draw,True,True,2,2,258,False,True,0,False,False,False,91569d20cd52844cfa31284fe8df2886b3d8f2860bacfb6070c5d828511a7cb8,1,0
m2-anchor,m2-anchor,validation,252,1891682600,host,win,True,True,3,2,312,True,False,0,False,False,False,91569d20cd52844cfa31284fe8df2886b3d8f2860bacfb6070c5d828511a7cb8,1,1
m2-anchor,m2-anchor,validation,252,1891682600,opponent,draw,True,True,2,2,192,False,True,0,False,False,False,91569d20cd52844cfa31284fe8df2886b3d8f2860bacfb6070c5d828511a7cb8,1,0
m2-anchor,m2-anchor,validation,253,1200430541,host,loss,True,True,1,3,269,True,False,0,False,False,False,91569d20cd52844cfa31284fe8df2886b3d8f2860bacfb6070c5d828511a7cb8,1,-2
m2-anchor,m2-anchor,validation,253,1200430541,opponent,win,True,True,3,1,269,True,False,0,False,False,False,91569d20cd52844cfa31284fe8df2886b3d8f2860bacfb6070c5d828511a7cb8,1,2
m2-anchor,m2-anchor,validation,254,1349791374,host,win,True,True,3,1,149,True,False,0,False,False,False,91569d20cd52844cfa31284fe8df2886b3d8f2860bacfb6070c5d828511a7cb8,1,2
m2-anchor,m2-anchor,validation,254,1349791374,opponent,loss,True,True,1,3,149,True,False,0,False,False,False,91569d20cd52844cfa31284fe8df2886b3d8f2860bacfb6070c5d828511a7cb8,1,-2
m2-anchor,policy-0200000,validation,250,1019181764,host,win,True,True,2,1,99,False,True,0,False,False,False,91569d20cd52844cfa31284fe8df2886b3d8f2860bacfb6070c5d828511a7cb8,1,1
m2-anchor,policy-0200000,validation,250,1019181764,opponent,loss,True,True,1,3,169,True,False,0,False,False,False,91569d20cd52844cfa31284fe8df2886b3d8f2860bacfb6070c5d828511a7cb8,1,-2
m2-anchor,policy-0200000,validation,251,245721494,host,draw,True,True,2,2,380,False,True,0,False,False,False,91569d20cd52844cfa31284fe8df2886b3d8f2860bacfb6070c5d828511a7cb8,1,0
m2-anchor,policy-0200000,validation,251,245721494,opponent,draw,True,True,2,2,302,False,True,0,False,False,False,91569d20cd52844cfa31284fe8df2886b3d8f2860bacfb6070c5d828511a7cb8,1,0
m2-anchor,policy-0200000,validation,252,1891682600,host,draw,True,True,2,2,523,False,True,0,False,False,False,91569d20cd52844cfa31284fe8df2886b3d8f2860bacfb6070c5d828511a7cb8,1,0
m2-anchor,policy-0200000,validation,252,1891682600,opponent,loss,False,True,0,3,169,True,False,0,False,False,False,91569d20cd52844cfa31284fe8df2886b3d8f2860bacfb6070c5d828511a7cb8,1,-3
m2-anchor,policy-0200000,validation,253,1200430541,host,loss,True,True,1,3,296,True,False,0,False,False,False,91569d20cd52844cfa31284fe8df2886b3d8f2860bacfb6070c5d828511a7cb8,1,-2
m2-anchor,policy-0200000,validation,253,1200430541,opponent,win,True,True,3,2,242,True,False,0,False,False,False,91569d20cd52844cfa31284fe8df2886b3d8f2860bacfb6070c5d828511a7cb8,1,1
m2-anchor,policy-0200000,validation,254,1349791374,host,draw,True,True,2,2,217,False,True,0,False,False,False,91569d20cd52844cfa31284fe8df2886b3d8f2860bacfb6070c5d828511a7cb8,1,0
m2-anchor,policy-0200000,validation,254,1349791374,opponent,loss,True,True,1,3,396,True,False,0,False,False,False,91569d20cd52844cfa31284fe8df2886b3d8f2860bacfb6070c5d828511a7cb8,1,-2
m2-anchor,policy-0800000,validation,250,1019181764,host,win,True,True,2,1,224,False,True,0,False,False,False,91569d20cd52844cfa31284fe8df2886b3d8f2860bacfb6070c5d828511a7cb8,1,1
m2-anchor,policy-0800000,validation,250,1019181764,opponent,draw,True,True,2,2,272,False,True,0,False,False,False,91569d20cd52844cfa31284fe8df2886b3d8f2860bacfb6070c5d828511a7cb8,1,0
m2-anchor,policy-0800000,validation,251,245721494,host,win,True,True,3,2,248,True,False,0,False,False,False,91569d20cd52844cfa31284fe8df2886b3d8f2860bacfb6070c5d828511a7cb8,1,1
m2-anchor,policy-0800000,validation,251,245721494,opponent,loss,True,True,1,2,278,False,True,0,False,False,False,91569d20cd52844cfa31284fe8df2886b3d8f2860bacfb6070c5d828511a7cb8,1,-1
m2-anchor,policy-0800000,validation,252,1891682600,host,win,True,True,3,2,317,True,False,0,False,False,False,91569d20cd52844cfa31284fe8df2886b3d8f2860bacfb6070c5d828511a7cb8,1,1
m2-anchor,policy-0800000,validation,252,1891682600,opponent,loss,True,True,1,2,234,False,True,0,False,False,False,91569d20cd52844cfa31284fe8df2886b3d8f2860bacfb6070c5d828511a7cb8,1,-1
m2-anchor,policy-0800000,validation,253,1200430541,host,draw,True,True,2,2,518,False,True,0,False,False,False,91569d20cd52844cfa31284fe8df2886b3d8f2860bacfb6070c5d828511a7cb8,1,0
m2-anchor,policy-0800000,validation,253,1200430541,opponent,draw,True,True,2,2,238,False,True,0,False,False,False,91569d20cd52844cfa31284fe8df2886b3d8f2860bacfb6070c5d828511a7cb8,1,0
m2-anchor,policy-0800000,validation,254,1349791374,host,win,True,True,3,1,189,True,False,0,False,False,False,91569d20cd52844cfa31284fe8df2886b3d8f2860bacfb6070c5d828511a7cb8,1,2
m2-anchor,policy-0800000,validation,254,1349791374,opponent,draw,True,True,2,2,245,False,True,0,False,False,False,91569d20cd52844cfa31284fe8df2886b3d8f2860bacfb6070c5d828511a7cb8,1,0
m2-anchor,policy-1000256,validation,250,1019181764,host,loss,True,True,2,3,236,True,False,0,False,False,False,91569d20cd52844cfa31284fe8df2886b3d8f2860bacfb6070c5d828511a7cb8,1,-1
m2-anchor,policy-1000256,validation,250,1019181764,opponent,loss,False,True,0,2,113,False,True,0,False,False,False,91569d20cd52844cfa31284fe8df2886b3d8f2860bacfb6070c5d828511a7cb8,1,-2
m2-anchor,policy-1000256,validation,251,245721494,host,draw,True,True,2,2,266,False,True,0,False,False,False,91569d20cd52844cfa31284fe8df2886b3d8f2860bacfb6070c5d828511a7cb8,1,0
m2-anchor,policy-1000256,validation,251,245721494,opponent,loss,True,True,2,3,225,True,False,0,False,False,False,91569d20cd52844cfa31284fe8df2886b3d8f2860bacfb6070c5d828511a7cb8,1,-1
m2-anchor,policy-1000256,validation,252,1891682600,host,win,True,True,3,2,399,True,False,0,False,False,False,91569d20cd52844cfa31284fe8df2886b3d8f2860bacfb6070c5d828511a7cb8,1,1
m2-anchor,policy-1000256,validation,252,1891682600,opponent,loss,True,True,1,2,277,False,True,0,False,False,False,91569d20cd52844cfa31284fe8df2886b3d8f2860bacfb6070c5d828511a7cb8,1,-1
m2-anchor,policy-1000256,validation,253,1200430541,host,draw,True,True,2,2,330,False,True,0,False,False,False,91569d20cd52844cfa31284fe8df2886b3d8f2860bacfb6070c5d828511a7cb8,1,0
m2-anchor,policy-1000256,validation,253,1200430541,opponent,draw,True,True,2,2,154,False,True,0,False,False,False,91569d20cd52844cfa31284fe8df2886b3d8f2860bacfb6070c5d828511a7cb8,1,0
m2-anchor,policy-1000256,validation,254,1349791374,host,draw,True,True,2,2,373,False,True,0,False,False,False,91569d20cd52844cfa31284fe8df2886b3d8f2860bacfb6070c5d828511a7cb8,1,0
m2-anchor,policy-1000256,validation,254,1349791374,opponent,draw,True,True,2,2,190,False,True,0,False,False,False,91569d20cd52844cfa31284fe8df2886b3d8f2860bacfb6070c5d828511a7cb8,1,0
m2-anchor,policy-1400000,validation,250,1019181764,host,win,True,False,2,0,102,False,True,0,False,False,False,91569d20cd52844cfa31284fe8df2886b3d8f2860bacfb6070c5d828511a7cb8,1,2
m2-anchor,policy-1400000,validation,250,1019181764,opponent,loss,False,True,0,2,175,False,True,0,False,False,False,91569d20cd52844cfa31284fe8df2886b3d8f2860bacfb6070c5d828511a7cb8,1,-2
m2-anchor,policy-1400000,validation,251,245721494,host,win,True,True,3,2,323,True,False,0,False,False,False,91569d20cd52844cfa31284fe8df2886b3d8f2860bacfb6070c5d828511a7cb8,1,1
m2-anchor,policy-1400000,validation,251,245721494,opponent,loss,True,True,2,3,333,True,False,0,False,False,False,91569d20cd52844cfa31284fe8df2886b3d8f2860bacfb6070c5d828511a7cb8,1,-1
m2-anchor,policy-1400000,validation,252,1891682600,host,win,True,True,3,2,286,True,False,0,False,False,False,91569d20cd52844cfa31284fe8df2886b3d8f2860bacfb6070c5d828511a7cb8,1,1
m2-anchor,policy-1400000,validation,252,1891682600,opponent,loss,True,True,2,3,314,True,False,0,False,False,False,91569d20cd52844cfa31284fe8df2886b3d8f2860bacfb6070c5d828511a7cb8,1,-1
m2-anchor,policy-1400000,validation,253,1200430541,host,draw,True,True,2,2,223,False,True,0,False,False,False,91569d20cd52844cfa31284fe8df2886b3d8f2860bacfb6070c5d828511a7cb8,1,0
m2-anchor,policy-1400000,validation,253,1200430541,opponent,draw,True,True,2,2,229,False,True,0,False,False,False,91569d20cd52844cfa31284fe8df2886b3d8f2860bacfb6070c5d828511a7cb8,1,0
m2-anchor,policy-1400000,validation,254,1349791374,host,draw,True,True,2,2,247,False,True,0,False,False,False,91569d20cd52844cfa31284fe8df2886b3d8f2860bacfb6070c5d828511a7cb8,1,0
m2-anchor,policy-1400000,validation,254,1349791374,opponent,loss,True,True,1,3,221,True,False,0,False,False,False,91569d20cd52844cfa31284fe8df2886b3d8f2860bacfb6070c5d828511a7cb8,1,-2
m2-anchor,policy-1603584,validation,250,1019181764,host,win,True,False,2,0,102,False,True,0,False,False,False,91569d20cd52844cfa31284fe8df2886b3d8f2860bacfb6070c5d828511a7cb8,1,2
m2-anchor,policy-1603584,validation,250,1019181764,opponent,loss,True,True,1,3,221,True,False,0,False,False,False,91569d20cd52844cfa31284fe8df2886b3d8f2860bacfb6070c5d828511a7cb8,1,-2
m2-anchor,policy-1603584,validation,251,245721494,host,draw,True,True,2,2,322,False,True,0,False,False,False,91569d20cd52844cfa31284fe8df2886b3d8f2860bacfb6070c5d828511a7cb8,1,0
m2-anchor,policy-1603584,validation,251,245721494,opponent,loss,True,True,2,3,320,True,False,0,False,False,False,91569d20cd52844cfa31284fe8df2886b3d8f2860bacfb6070c5d828511a7cb8,1,-1
m2-anchor,policy-1603584,validation,252,1891682600,host,win,True,True,3,2,266,True,False,0,False,False,False,91569d20cd52844cfa31284fe8df2886b3d8f2860bacfb6070c5d828511a7cb8,1,1
m2-anchor,policy-1603584,validation,252,1891682600,opponent,loss,True,True,2,3,226,True,False,0,False,False,False,91569d20cd52844cfa31284fe8df2886b3d8f2860bacfb6070c5d828511a7cb8,1,-1
m2-anchor,policy-1603584,validation,253,1200430541,host,loss,True,True,2,3,326,True,False,0,False,False,False,91569d20cd52844cfa31284fe8df2886b3d8f2860bacfb6070c5d828511a7cb8,1,-1
m2-anchor,policy-1603584,validation,253,1200430541,opponent,win,True,True,3,2,281,True,False,0,False,False,False,91569d20cd52844cfa31284fe8df2886b3d8f2860bacfb6070c5d828511a7cb8,1,1
m2-anchor,policy-1603584,validation,254,1349791374,host,loss,True,True,2,3,261,True,False,0,False,False,False,91569d20cd52844cfa31284fe8df2886b3d8f2860bacfb6070c5d828511a7cb8,1,-1
m2-anchor,policy-1603584,validation,254,1349791374,opponent,loss,True,True,1,2,369,False,True,0,False,False,False,91569d20cd52844cfa31284fe8df2886b3d8f2860bacfb6070c5d828511a7cb8,1,-1
m2-anchor,policy-1800768,validation,250,1019181764,host,win,True,True,3,1,218,True,False,0,False,False,False,91569d20cd52844cfa31284fe8df2886b3d8f2860bacfb6070c5d828511a7cb8,1,2
m2-anchor,policy-1800768,validation,250,1019181764,opponent,loss,True,True,1,2,180,False,True,0,False,False,False,91569d20cd52844cfa31284fe8df2886b3d8f2860bacfb6070c5d828511a7cb8,1,-1
m2-anchor,policy-1800768,validation,251,245721494,host,draw,True,True,2,2,409,False,True,0,False,False,False,91569d20cd52844cfa31284fe8df2886b3d8f2860bacfb6070c5d828511a7cb8,1,0
m2-anchor,policy-1800768,validation,251,245721494,opponent,loss,True,True,2,3,333,True,False,0,False,False,False,91569d20cd52844cfa31284fe8df2886b3d8f2860bacfb6070c5d828511a7cb8,1,-1
m2-anchor,policy-1800768,validation,252,1891682600,host,win,True,True,3,2,362,True,False,0,False,False,False,91569d20cd52844cfa31284fe8df2886b3d8f2860bacfb6070c5d828511a7cb8,1,1
m2-anchor,policy-1800768,validation,252,1891682600,opponent,draw,True,True,2,2,325,False,True,0,False,False,False,91569d20cd52844cfa31284fe8df2886b3d8f2860bacfb6070c5d828511a7cb8,1,0
m2-anchor,policy-1800768,validation,253,1200430541,host,loss,True,True,1,2,245,False,True,0,False,False,False,91569d20cd52844cfa31284fe8df2886b3d8f2860bacfb6070c5d828511a7cb8,1,-1
m2-anchor,policy-1800768,validation,253,1200430541,opponent,draw,True,True,2,2,303,False,True,0,False,False,False,91569d20cd52844cfa31284fe8df2886b3d8f2860bacfb6070c5d828511a7cb8,1,0
m2-anchor,policy-1800768,validation,254,1349791374,host,draw,True,True,2,2,311,False,True,0,False,False,False,91569d20cd52844cfa31284fe8df2886b3d8f2860bacfb6070c5d828511a7cb8,1,0
m2-anchor,policy-1800768,validation,254,1349791374,opponent,loss,True,True,1,3,215,True,False,0,False,False,False,91569d20cd52844cfa31284fe8df2886b3d8f2860bacfb6070c5d828511a7cb8,1,-2
m2-anchor,policy-2000000,validation,250,1019181764,host,win,True,True,2,1,225,False,True,0,False,False,False,91569d20cd52844cfa31284fe8df2886b3d8f2860bacfb6070c5d828511a7cb8,1,1
m2-anchor,policy-2000000,validation,250,1019181764,opponent,loss,True,True,1,2,176,False,True,0,False,False,False,91569d20cd52844cfa31284fe8df2886b3d8f2860bacfb6070c5d828511a7cb8,1,-1
m2-anchor,policy-2000000,validation,251,245721494,host,win,True,True,3,2,405,True,False,0,False,False,False,91569d20cd52844cfa31284fe8df2886b3d8f2860bacfb6070c5d828511a7cb8,1,1
m2-anchor,policy-2000000,validation,251,245721494,opponent,draw,True,True,2,2,428,False,True,0,False,False,False,91569d20cd52844cfa31284fe8df2886b3d8f2860bacfb6070c5d828511a7cb8,1,0
m2-anchor,policy-2000000,validation,252,1891682600,host,win,True,True,2,1,303,False,True,0,False,False,False,91569d20cd52844cfa31284fe8df2886b3d8f2860bacfb6070c5d828511a7cb8,1,1
m2-anchor,policy-2000000,validation,252,1891682600,opponent,draw,True,True,2,2,322,False,True,0,False,False,False,91569d20cd52844cfa31284fe8df2886b3d8f2860bacfb6070c5d828511a7cb8,1,0
m2-anchor,policy-2000000,validation,253,1200430541,host,loss,False,True,0,3,177,True,False,0,False,False,False,91569d20cd52844cfa31284fe8df2886b3d8f2860bacfb6070c5d828511a7cb8,1,-3
m2-anchor,policy-2000000,validation,253,1200430541,opponent,loss,True,True,2,3,301,True,False,0,False,False,False,91569d20cd52844cfa31284fe8df2886b3d8f2860bacfb6070c5d828511a7cb8,1,-1
m2-anchor,policy-2000000,validation,254,1349791374,host,win,True,True,3,2,349,True,False,0,False,False,False,91569d20cd52844cfa31284fe8df2886b3d8f2860bacfb6070c5d828511a7cb8,1,1
m2-anchor,policy-2000000,validation,254,1349791374,opponent,loss,True,True,1,2,266,False,True,0,False,False,False,91569d20cd52844cfa31284fe8df2886b3d8f2860bacfb6070c5d828511a7cb8,1,-1
policy-0200000,policy-0200000,validation,250,1019181764,host,win,True,True,2,1,185,False,True,0,False,False,False,91569d20cd52844cfa31284fe8df2886b3d8f2860bacfb6070c5d828511a7cb8,1,1
policy-0200000,policy-0200000,validation,250,1019181764,opponent,loss,True,True,1,2,185,False,True,0,False,False,False,91569d20cd52844cfa31284fe8df2886b3d8f2860bacfb6070c5d828511a7cb8,1,-1
policy-0200000,policy-0200000,validation,251,245721494,host,win,True,True,2,1,306,False,True,0,False,False,False,91569d20cd52844cfa31284fe8df2886b3d8f2860bacfb6070c5d828511a7cb8,1,1
policy-0200000,policy-0200000,validation,251,245721494,opponent,loss,True,True,1,2,306,False,True,0,False,False,False,91569d20cd52844cfa31284fe8df2886b3d8f2860bacfb6070c5d828511a7cb8,1,-1
policy-0200000,policy-0200000,validation,252,1891682600,host,draw,True,True,2,2,494,False,True,0,False,False,False,91569d20cd52844cfa31284fe8df2886b3d8f2860bacfb6070c5d828511a7cb8,1,0
policy-0200000,policy-0200000,validation,252,1891682600,opponent,draw,True,True,2,2,494,False,True,0,False,False,False,91569d20cd52844cfa31284fe8df2886b3d8f2860bacfb6070c5d828511a7cb8,1,0
policy-0200000,policy-0200000,validation,253,1200430541,host,draw,True,True,2,2,320,False,True,0,False,False,False,91569d20cd52844cfa31284fe8df2886b3d8f2860bacfb6070c5d828511a7cb8,1,0
policy-0200000,policy-0200000,validation,253,1200430541,opponent,draw,True,True,2,2,320,False,True,0,False,False,False,91569d20cd52844cfa31284fe8df2886b3d8f2860bacfb6070c5d828511a7cb8,1,0
policy-0200000,policy-0200000,validation,254,1349791374,host,draw,True,True,2,2,523,False,True,0,False,False,False,91569d20cd52844cfa31284fe8df2886b3d8f2860bacfb6070c5d828511a7cb8,1,0
policy-0200000,policy-0200000,validation,254,1349791374,opponent,draw,True,True,2,2,523,False,True,0,False,False,False,91569d20cd52844cfa31284fe8df2886b3d8f2860bacfb6070c5d828511a7cb8,1,0
policy-0200000,policy-0800000,validation,250,1019181764,host,win,True,True,3,1,261,True,False,0,False,False,False,91569d20cd52844cfa31284fe8df2886b3d8f2860bacfb6070c5d828511a7cb8,1,2
policy-0200000,policy-0800000,validation,250,1019181764,opponent,loss,True,True,1,3,220,True,False,0,False,False,False,91569d20cd52844cfa31284fe8df2886b3d8f2860bacfb6070c5d828511a7cb8,1,-2
policy-0200000,policy-0800000,validation,251,245721494,host,win,True,True,3,2,336,True,False,0,False,False,False,91569d20cd52844cfa31284fe8df2886b3d8f2860bacfb6070c5d828511a7cb8,1,1
policy-0200000,policy-0800000,validation,251,245721494,opponent,draw,True,True,2,2,222,False,True,0,False,False,False,91569d20cd52844cfa31284fe8df2886b3d8f2860bacfb6070c5d828511a7cb8,1,0
policy-0200000,policy-0800000,validation,252,1891682600,host,draw,True,True,2,2,445,False,True,0,False,False,False,91569d20cd52844cfa31284fe8df2886b3d8f2860bacfb6070c5d828511a7cb8,1,0
policy-0200000,policy-0800000,validation,252,1891682600,opponent,loss,True,True,2,3,402,True,False,0,False,False,False,91569d20cd52844cfa31284fe8df2886b3d8f2860bacfb6070c5d828511a7cb8,1,-1
policy-0200000,policy-0800000,validation,253,1200430541,host,draw,True,True,2,2,280,False,True,0,False,False,False,91569d20cd52844cfa31284fe8df2886b3d8f2860bacfb6070c5d828511a7cb8,1,0
policy-0200000,policy-0800000,validation,253,1200430541,opponent,draw,True,True,2,2,222,False,True,0,False,False,False,91569d20cd52844cfa31284fe8df2886b3d8f2860bacfb6070c5d828511a7cb8,1,0
policy-0200000,policy-0800000,validation,254,1349791374,host,draw,True,True,2,2,523,False,True,0,False,False,False,91569d20cd52844cfa31284fe8df2886b3d8f2860bacfb6070c5d828511a7cb8,1,0
policy-0200000,policy-0800000,validation,254,1349791374,opponent,loss,True,True,2,3,407,True,False,0,False,False,False,91569d20cd52844cfa31284fe8df2886b3d8f2860bacfb6070c5d828511a7cb8,1,-1
policy-0200000,policy-1000256,validation,250,1019181764,host,win,True,True,3,1,244,True,False,0,False,False,False,91569d20cd52844cfa31284fe8df2886b3d8f2860bacfb6070c5d828511a7cb8,1,2
policy-0200000,policy-1000256,validation,250,1019181764,opponent,loss,True,True,2,3,239,True,False,0,False,False,False,91569d20cd52844cfa31284fe8df2886b3d8f2860bacfb6070c5d828511a7cb8,1,-1
policy-0200000,policy-1000256,validation,251,245721494,host,draw,True,True,2,2,523,False,True,0,False,False,False,91569d20cd52844cfa31284fe8df2886b3d8f2860bacfb6070c5d828511a7cb8,1,0
policy-0200000,policy-1000256,validation,251,245721494,opponent,loss,True,True,2,3,285,True,False,0,False,False,False,91569d20cd52844cfa31284fe8df2886b3d8f2860bacfb6070c5d828511a7cb8,1,-1
policy-0200000,policy-1000256,validation,252,1891682600,host,win,True,True,2,1,523,False,True,0,False,False,False,91569d20cd52844cfa31284fe8df2886b3d8f2860bacfb6070c5d828511a7cb8,1,1
policy-0200000,policy-1000256,validation,252,1891682600,opponent,loss,True,True,2,3,401,True,False,0,False,False,False,91569d20cd52844cfa31284fe8df2886b3d8f2860bacfb6070c5d828511a7cb8,1,-1
policy-0200000,policy-1000256,validation,253,1200430541,host,loss,True,True,1,2,246,False,True,0,False,False,False,91569d20cd52844cfa31284fe8df2886b3d8f2860bacfb6070c5d828511a7cb8,1,-1
policy-0200000,policy-1000256,validation,253,1200430541,opponent,draw,True,True,2,2,411,False,True,0,False,False,False,91569d20cd52844cfa31284fe8df2886b3d8f2860bacfb6070c5d828511a7cb8,1,0
policy-0200000,policy-1000256,validation,254,1349791374,host,win,True,True,3,2,391,True,False,0,False,False,False,91569d20cd52844cfa31284fe8df2886b3d8f2860bacfb6070c5d828511a7cb8,1,1
policy-0200000,policy-1000256,validation,254,1349791374,opponent,loss,True,True,1,2,197,False,True,0,False,False,False,91569d20cd52844cfa31284fe8df2886b3d8f2860bacfb6070c5d828511a7cb8,1,-1
policy-0200000,policy-1400000,validation,250,1019181764,host,win,True,True,2,1,262,False,True,0,False,False,False,91569d20cd52844cfa31284fe8df2886b3d8f2860bacfb6070c5d828511a7cb8,1,1
policy-0200000,policy-1400000,validation,250,1019181764,opponent,loss,True,True,2,3,278,True,False,0,False,False,False,91569d20cd52844cfa31284fe8df2886b3d8f2860bacfb6070c5d828511a7cb8,1,-1
policy-0200000,policy-1400000,validation,251,245721494,host,draw,True,True,1,1,523,False,True,0,False,False,False,91569d20cd52844cfa31284fe8df2886b3d8f2860bacfb6070c5d828511a7cb8,1,0
policy-0200000,policy-1400000,validation,251,245721494,opponent,win,True,True,3,2,345,True,False,0,False,False,False,91569d20cd52844cfa31284fe8df2886b3d8f2860bacfb6070c5d828511a7cb8,1,1
policy-0200000,policy-1400000,validation,252,1891682600,host,win,True,False,1,0,523,False,True,0,False,False,False,91569d20cd52844cfa31284fe8df2886b3d8f2860bacfb6070c5d828511a7cb8,1,1
policy-0200000,policy-1400000,validation,252,1891682600,opponent,loss,True,True,1,2,263,False,True,0,False,False,False,91569d20cd52844cfa31284fe8df2886b3d8f2860bacfb6070c5d828511a7cb8,1,-1
policy-0200000,policy-1400000,validation,253,1200430541,host,loss,True,True,1,3,171,True,False,0,False,False,False,91569d20cd52844cfa31284fe8df2886b3d8f2860bacfb6070c5d828511a7cb8,1,-2
policy-0200000,policy-1400000,validation,253,1200430541,opponent,win,True,True,3,1,516,True,False,0,False,False,False,91569d20cd52844cfa31284fe8df2886b3d8f2860bacfb6070c5d828511a7cb8,1,2
policy-0200000,policy-1400000,validation,254,1349791374,host,draw,True,True,2,2,405,False,True,0,False,False,False,91569d20cd52844cfa31284fe8df2886b3d8f2860bacfb6070c5d828511a7cb8,1,0
policy-0200000,policy-1400000,validation,254,1349791374,opponent,loss,True,True,1,2,523,False,True,0,False,False,False,91569d20cd52844cfa31284fe8df2886b3d8f2860bacfb6070c5d828511a7cb8,1,-1
policy-0200000,policy-1603584,validation,250,1019181764,host,win,False,False,1,0,516,False,True,0,False,False,False,91569d20cd52844cfa31284fe8df2886b3d8f2860bacfb6070c5d828511a7cb8,1,1
policy-0200000,policy-1603584,validation,250,1019181764,opponent,loss,True,True,1,3,187,True,False,0,False,False,False,91569d20cd52844cfa31284fe8df2886b3d8f2860bacfb6070c5d828511a7cb8,1,-2
policy-0200000,policy-1603584,validation,251,245721494,host,draw,True,True,2,2,507,False,True,0,False,False,False,91569d20cd52844cfa31284fe8df2886b3d8f2860bacfb6070c5d828511a7cb8,1,0
policy-0200000,policy-1603584,validation,251,245721494,opponent,loss,True,True,2,3,291,True,False,0,False,False,False,91569d20cd52844cfa31284fe8df2886b3d8f2860bacfb6070c5d828511a7cb8,1,-1
policy-0200000,policy-1603584,validation,252,1891682600,host,draw,True,True,2,2,523,False,True,0,False,False,False,91569d20cd52844cfa31284fe8df2886b3d8f2860bacfb6070c5d828511a7cb8,1,0
policy-0200000,policy-1603584,validation,252,1891682600,opponent,draw,True,True,2,2,323,False,True,0,False,False,False,91569d20cd52844cfa31284fe8df2886b3d8f2860bacfb6070c5d828511a7cb8,1,0
policy-0200000,policy-1603584,validation,253,1200430541,host,loss,True,True,1,3,208,True,False,0,False,False,False,91569d20cd52844cfa31284fe8df2886b3d8f2860bacfb6070c5d828511a7cb8,1,-2
policy-0200000,policy-1603584,validation,253,1200430541,opponent,win,True,True,3,2,284,True,False,0,False,False,False,91569d20cd52844cfa31284fe8df2886b3d8f2860bacfb6070c5d828511a7cb8,1,1
policy-0200000,policy-1603584,validation,254,1349791374,host,win,True,True,2,1,523,False,True,0,False,False,False,91569d20cd52844cfa31284fe8df2886b3d8f2860bacfb6070c5d828511a7cb8,1,1
policy-0200000,policy-1603584,validation,254,1349791374,opponent,loss,False,True,0,1,523,False,True,0,False,False,False,91569d20cd52844cfa31284fe8df2886b3d8f2860bacfb6070c5d828511a7cb8,1,-1
policy-0200000,policy-1800768,validation,250,1019181764,host,win,True,True,2,1,200,False,True,0,False,False,False,91569d20cd52844cfa31284fe8df2886b3d8f2860bacfb6070c5d828511a7cb8,1,1
policy-0200000,policy-1800768,validation,250,1019181764,opponent,loss,True,True,1,2,144,False,True,0,False,False,False,91569d20cd52844cfa31284fe8df2886b3d8f2860bacfb6070c5d828511a7cb8,1,-1
policy-0200000,policy-1800768,validation,251,245721494,host,draw,True,True,2,2,456,False,True,0,False,False,False,91569d20cd52844cfa31284fe8df2886b3d8f2860bacfb6070c5d828511a7cb8,1,0
policy-0200000,policy-1800768,validation,251,245721494,opponent,win,True,True,2,1,282,False,True,0,False,False,False,91569d20cd52844cfa31284fe8df2886b3d8f2860bacfb6070c5d828511a7cb8,1,1
policy-0200000,policy-1800768,validation,252,1891682600,host,draw,True,True,1,1,523,False,True,0,False,False,False,91569d20cd52844cfa31284fe8df2886b3d8f2860bacfb6070c5d828511a7cb8,1,0
policy-0200000,policy-1800768,validation,252,1891682600,opponent,loss,True,True,2,3,316,True,False,0,False,False,False,91569d20cd52844cfa31284fe8df2886b3d8f2860bacfb6070c5d828511a7cb8,1,-1
policy-0200000,policy-1800768,validation,253,1200430541,host,loss,True,True,1,2,237,False,True,0,False,False,False,91569d20cd52844cfa31284fe8df2886b3d8f2860bacfb6070c5d828511a7cb8,1,-1
policy-0200000,policy-1800768,validation,253,1200430541,opponent,win,True,True,3,2,501,True,False,0,False,False,False,91569d20cd52844cfa31284fe8df2886b3d8f2860bacfb6070c5d828511a7cb8,1,1
policy-0200000,policy-1800768,validation,254,1349791374,host,draw,True,True,2,2,370,False,True,0,False,False,False,91569d20cd52844cfa31284fe8df2886b3d8f2860bacfb6070c5d828511a7cb8,1,0
policy-0200000,policy-1800768,validation,254,1349791374,opponent,loss,True,True,1,2,176,False,True,0,False,False,False,91569d20cd52844cfa31284fe8df2886b3d8f2860bacfb6070c5d828511a7cb8,1,-1
policy-0200000,policy-2000000,validation,250,1019181764,host,win,True,True,3,1,200,True,False,0,False,False,False,91569d20cd52844cfa31284fe8df2886b3d8f2860bacfb6070c5d828511a7cb8,1,2
policy-0200000,policy-2000000,validation,250,1019181764,opponent,loss,True,True,1,2,335,False,True,0,False,False,False,91569d20cd52844cfa31284fe8df2886b3d8f2860bacfb6070c5d828511a7cb8,1,-1
policy-0200000,policy-2000000,validation,251,245721494,host,draw,False,False,0,0,523,False,True,0,False,False,False,91569d20cd52844cfa31284fe8df2886b3d8f2860bacfb6070c5d828511a7cb8,1,0
policy-0200000,policy-2000000,validation,251,245721494,opponent,loss,True,True,2,3,201,True,False,0,False,False,False,91569d20cd52844cfa31284fe8df2886b3d8f2860bacfb6070c5d828511a7cb8,1,-1
policy-0200000,policy-2000000,validation,252,1891682600,host,draw,False,False,0,0,523,False,True,0,False,False,False,91569d20cd52844cfa31284fe8df2886b3d8f2860bacfb6070c5d828511a7cb8,1,0
policy-0200000,policy-2000000,validation,252,1891682600,opponent,loss,True,True,2,3,333,True,False,0,False,False,False,91569d20cd52844cfa31284fe8df2886b3d8f2860bacfb6070c5d828511a7cb8,1,-1
policy-0200000,policy-2000000,validation,253,1200430541,host,loss,False,True,0,1,523,False,True,0,False,False,False,91569d20cd52844cfa31284fe8df2886b3d8f2860bacfb6070c5d828511a7cb8,1,-1
policy-0200000,policy-2000000,validation,253,1200430541,opponent,win,True,True,3,2,468,True,False,0,False,False,False,91569d20cd52844cfa31284fe8df2886b3d8f2860bacfb6070c5d828511a7cb8,1,1
policy-0200000,policy-2000000,validation,254,1349791374,host,draw,True,True,2,2,523,False,True,0,False,False,False,91569d20cd52844cfa31284fe8df2886b3d8f2860bacfb6070c5d828511a7cb8,1,0
policy-0200000,policy-2000000,validation,254,1349791374,opponent,loss,True,True,2,3,328,True,False,0,False,False,False,91569d20cd52844cfa31284fe8df2886b3d8f2860bacfb6070c5d828511a7cb8,1,-1
policy-0800000,policy-0800000,validation,250,1019181764,host,win,True,True,3,1,145,True,False,0,False,False,False,91569d20cd52844cfa31284fe8df2886b3d8f2860bacfb6070c5d828511a7cb8,1,2
policy-0800000,policy-0800000,validation,250,1019181764,opponent,loss,True,True,1,2,146,False,True,0,False,False,False,91569d20cd52844cfa31284fe8df2886b3d8f2860bacfb6070c5d828511a7cb8,1,-1
policy-0800000,policy-0800000,validation,251,245721494,host,win,True,True,3,1,288,True,False,0,False,False,False,91569d20cd52844cfa31284fe8df2886b3d8f2860bacfb6070c5d828511a7cb8,1,2
policy-0800000,policy-0800000,validation,251,245721494,opponent,loss,True,True,1,3,288,True,False,0,False,False,False,91569d20cd52844cfa31284fe8df2886b3d8f2860bacfb6070c5d828511a7cb8,1,-2
policy-0800000,policy-0800000,validation,252,1891682600,host,win,True,True,3,2,339,True,False,0,False,False,False,91569d20cd52844cfa31284fe8df2886b3d8f2860bacfb6070c5d828511a7cb8,1,1
policy-0800000,policy-0800000,validation,252,1891682600,opponent,loss,True,True,2,3,339,True,False,0,False,False,False,91569d20cd52844cfa31284fe8df2886b3d8f2860bacfb6070c5d828511a7cb8,1,-1
policy-0800000,policy-0800000,validation,253,1200430541,host,draw,True,True,2,2,424,False,True,0,False,False,False,91569d20cd52844cfa31284fe8df2886b3d8f2860bacfb6070c5d828511a7cb8,1,0
policy-0800000,policy-0800000,validation,253,1200430541,opponent,loss,True,True,2,3,246,True,False,0,False,False,False,91569d20cd52844cfa31284fe8df2886b3d8f2860bacfb6070c5d828511a7cb8,1,-1
policy-0800000,policy-0800000,validation,254,1349791374,host,win,True,True,3,2,253,True,False,0,False,False,False,91569d20cd52844cfa31284fe8df2886b3d8f2860bacfb6070c5d828511a7cb8,1,1
policy-0800000,policy-0800000,validation,254,1349791374,opponent,loss,True,True,2,3,318,True,False,0,False,False,False,91569d20cd52844cfa31284fe8df2886b3d8f2860bacfb6070c5d828511a7cb8,1,-1
policy-0800000,policy-1000256,validation,250,1019181764,host,draw,True,True,2,2,222,False,True,0,False,False,False,91569d20cd52844cfa31284fe8df2886b3d8f2860bacfb6070c5d828511a7cb8,1,0
policy-0800000,policy-1000256,validation,250,1019181764,opponent,draw,True,True,2,2,320,False,True,0,False,False,False,91569d20cd52844cfa31284fe8df2886b3d8f2860bacfb6070c5d828511a7cb8,1,0
policy-0800000,policy-1000256,validation,251,245721494,host,draw,True,True,2,2,291,False,True,0,False,False,False,91569d20cd52844cfa31284fe8df2886b3d8f2860bacfb6070c5d828511a7cb8,1,0
policy-0800000,policy-1000256,validation,251,245721494,opponent,draw,True,True,2,2,386,False,True,0,False,False,False,91569d20cd52844cfa31284fe8df2886b3d8f2860bacfb6070c5d828511a7cb8,1,0
policy-0800000,policy-1000256,validation,252,1891682600,host,draw,True,True,2,2,314,False,True,0,False,False,False,91569d20cd52844cfa31284fe8df2886b3d8f2860bacfb6070c5d828511a7cb8,1,0
policy-0800000,policy-1000256,validation,252,1891682600,opponent,loss,True,True,2,3,240,True,False,0,False,False,False,91569d20cd52844cfa31284fe8df2886b3d8f2860bacfb6070c5d828511a7cb8,1,-1
policy-0800000,policy-1000256,validation,253,1200430541,host,win,True,True,3,2,241,True,False,0,False,False,False,91569d20cd52844cfa31284fe8df2886b3d8f2860bacfb6070c5d828511a7cb8,1,1
policy-0800000,policy-1000256,validation,253,1200430541,opponent,draw,True,True,2,2,325,False,True,0,False,False,False,91569d20cd52844cfa31284fe8df2886b3d8f2860bacfb6070c5d828511a7cb8,1,0
policy-0800000,policy-1000256,validation,254,1349791374,host,draw,True,True,2,2,240,False,True,0,False,False,False,91569d20cd52844cfa31284fe8df2886b3d8f2860bacfb6070c5d828511a7cb8,1,0
policy-0800000,policy-1000256,validation,254,1349791374,opponent,loss,True,True,2,3,354,True,False,0,False,False,False,91569d20cd52844cfa31284fe8df2886b3d8f2860bacfb6070c5d828511a7cb8,1,-1
policy-0800000,policy-1400000,validation,250,1019181764,host,win,True,True,3,2,192,True,False,0,False,False,False,91569d20cd52844cfa31284fe8df2886b3d8f2860bacfb6070c5d828511a7cb8,1,1
policy-0800000,policy-1400000,validation,250,1019181764,opponent,draw,True,True,2,2,340,False,True,0,False,False,False,91569d20cd52844cfa31284fe8df2886b3d8f2860bacfb6070c5d828511a7cb8,1,0
policy-0800000,policy-1400000,validation,251,245721494,host,win,True,True,3,1,238,True,False,0,False,False,False,91569d20cd52844cfa31284fe8df2886b3d8f2860bacfb6070c5d828511a7cb8,1,2
policy-0800000,policy-1400000,validation,251,245721494,opponent,draw,True,True,2,2,319,False,True,0,False,False,False,91569d20cd52844cfa31284fe8df2886b3d8f2860bacfb6070c5d828511a7cb8,1,0
policy-0800000,policy-1400000,validation,252,1891682600,host,draw,True,True,2,2,292,False,True,0,False,False,False,91569d20cd52844cfa31284fe8df2886b3d8f2860bacfb6070c5d828511a7cb8,1,0
policy-0800000,policy-1400000,validation,252,1891682600,opponent,loss,True,True,2,3,225,True,False,0,False,False,False,91569d20cd52844cfa31284fe8df2886b3d8f2860bacfb6070c5d828511a7cb8,1,-1
policy-0800000,policy-1400000,validation,253,1200430541,host,draw,True,True,2,2,190,False,True,0,False,False,False,91569d20cd52844cfa31284fe8df2886b3d8f2860bacfb6070c5d828511a7cb8,1,0
policy-0800000,policy-1400000,validation,253,1200430541,opponent,loss,True,True,2,3,313,True,False,0,False,False,False,91569d20cd52844cfa31284fe8df2886b3d8f2860bacfb6070c5d828511a7cb8,1,-1
policy-0800000,policy-1400000,validation,254,1349791374,host,loss,True,True,1,2,235,False,True,0,False,False,False,91569d20cd52844cfa31284fe8df2886b3d8f2860bacfb6070c5d828511a7cb8,1,-1
policy-0800000,policy-1400000,validation,254,1349791374,opponent,loss,True,True,1,2,312,False,True,0,False,False,False,91569d20cd52844cfa31284fe8df2886b3d8f2860bacfb6070c5d828511a7cb8,1,-1
policy-0800000,policy-1603584,validation,250,1019181764,host,draw,True,True,2,2,224,False,True,0,False,False,False,91569d20cd52844cfa31284fe8df2886b3d8f2860bacfb6070c5d828511a7cb8,1,0
policy-0800000,policy-1603584,validation,250,1019181764,opponent,loss,True,True,1,3,150,True,False,0,False,False,False,91569d20cd52844cfa31284fe8df2886b3d8f2860bacfb6070c5d828511a7cb8,1,-2
policy-0800000,policy-1603584,validation,251,245721494,host,loss,True,True,2,3,340,True,False,0,False,False,False,91569d20cd52844cfa31284fe8df2886b3d8f2860bacfb6070c5d828511a7cb8,1,-1
policy-0800000,policy-1603584,validation,251,245721494,opponent,draw,True,True,2,2,296,False,True,0,False,False,False,91569d20cd52844cfa31284fe8df2886b3d8f2860bacfb6070c5d828511a7cb8,1,0
policy-0800000,policy-1603584,validation,252,1891682600,host,loss,True,True,2,3,368,True,False,0,False,False,False,91569d20cd52844cfa31284fe8df2886b3d8f2860bacfb6070c5d828511a7cb8,1,-1
policy-0800000,policy-1603584,validation,252,1891682600,opponent,loss,True,True,2,3,264,True,False,0,False,False,False,91569d20cd52844cfa31284fe8df2886b3d8f2860bacfb6070c5d828511a7cb8,1,-1
policy-0800000,policy-1603584,validation,253,1200430541,host,draw,True,True,2,2,360,False,True,0,False,False,False,91569d20cd52844cfa31284fe8df2886b3d8f2860bacfb6070c5d828511a7cb8,1,0
policy-0800000,policy-1603584,validation,253,1200430541,opponent,draw,True,True,2,2,267,False,True,0,False,False,False,91569d20cd52844cfa31284fe8df2886b3d8f2860bacfb6070c5d828511a7cb8,1,0
policy-0800000,policy-1603584,validation,254,1349791374,host,draw,True,True,2,2,353,False,True,0,False,False,False,91569d20cd52844cfa31284fe8df2886b3d8f2860bacfb6070c5d828511a7cb8,1,0
policy-0800000,policy-1603584,validation,254,1349791374,opponent,draw,True,True,2,2,205,False,True,0,False,False,False,91569d20cd52844cfa31284fe8df2886b3d8f2860bacfb6070c5d828511a7cb8,1,0
policy-0800000,policy-1800768,validation,250,1019181764,host,win,True,True,3,2,261,True,False,0,False,False,False,91569d20cd52844cfa31284fe8df2886b3d8f2860bacfb6070c5d828511a7cb8,1,1
policy-0800000,policy-1800768,validation,250,1019181764,opponent,loss,True,True,1,3,176,True,False,0,False,False,False,91569d20cd52844cfa31284fe8df2886b3d8f2860bacfb6070c5d828511a7cb8,1,-2
policy-0800000,policy-1800768,validation,251,245721494,host,win,True,True,3,2,250,True,False,0,False,False,False,91569d20cd52844cfa31284fe8df2886b3d8f2860bacfb6070c5d828511a7cb8,1,1
policy-0800000,policy-1800768,validation,251,245721494,opponent,draw,True,True,2,2,355,False,True,0,False,False,False,91569d20cd52844cfa31284fe8df2886b3d8f2860bacfb6070c5d828511a7cb8,1,0
policy-0800000,policy-1800768,validation,252,1891682600,host,draw,True,True,2,2,272,False,True,0,False,False,False,91569d20cd52844cfa31284fe8df2886b3d8f2860bacfb6070c5d828511a7cb8,1,0
policy-0800000,policy-1800768,validation,252,1891682600,opponent,draw,True,True,2,2,223,False,True,0,False,False,False,91569d20cd52844cfa31284fe8df2886b3d8f2860bacfb6070c5d828511a7cb8,1,0
policy-0800000,policy-1800768,validation,253,1200430541,host,loss,True,True,1,2,276,False,True,0,False,False,False,91569d20cd52844cfa31284fe8df2886b3d8f2860bacfb6070c5d828511a7cb8,1,-1
policy-0800000,policy-1800768,validation,253,1200430541,opponent,draw,True,True,2,2,253,False,True,0,False,False,False,91569d20cd52844cfa31284fe8df2886b3d8f2860bacfb6070c5d828511a7cb8,1,0
policy-0800000,policy-1800768,validation,254,1349791374,host,loss,True,True,2,3,287,True,False,0,False,False,False,91569d20cd52844cfa31284fe8df2886b3d8f2860bacfb6070c5d828511a7cb8,1,-1
policy-0800000,policy-1800768,validation,254,1349791374,opponent,loss,True,True,2,3,272,True,False,0,False,False,False,91569d20cd52844cfa31284fe8df2886b3d8f2860bacfb6070c5d828511a7cb8,1,-1
policy-0800000,policy-2000000,validation,250,1019181764,host,loss,False,True,1,2,200,False,True,0,False,False,False,91569d20cd52844cfa31284fe8df2886b3d8f2860bacfb6070c5d828511a7cb8,1,-1
policy-0800000,policy-2000000,validation,250,1019181764,opponent,loss,True,True,1,2,180,False,True,0,False,False,False,91569d20cd52844cfa31284fe8df2886b3d8f2860bacfb6070c5d828511a7cb8,1,-1
policy-0800000,policy-2000000,validation,251,245721494,host,win,True,True,3,1,161,True,False,0,False,False,False,91569d20cd52844cfa31284fe8df2886b3d8f2860bacfb6070c5d828511a7cb8,1,2
policy-0800000,policy-2000000,validation,251,245721494,opponent,loss,True,True,2,3,382,True,False,0,False,False,False,91569d20cd52844cfa31284fe8df2886b3d8f2860bacfb6070c5d828511a7cb8,1,-1
policy-0800000,policy-2000000,validation,252,1891682600,host,draw,True,True,2,2,275,False,True,0,False,False,False,91569d20cd52844cfa31284fe8df2886b3d8f2860bacfb6070c5d828511a7cb8,1,0
policy-0800000,policy-2000000,validation,252,1891682600,opponent,draw,True,True,2,2,362,False,True,0,False,False,False,91569d20cd52844cfa31284fe8df2886b3d8f2860bacfb6070c5d828511a7cb8,1,0
policy-0800000,policy-2000000,validation,253,1200430541,host,loss,True,True,2,3,301,True,False,0,False,False,False,91569d20cd52844cfa31284fe8df2886b3d8f2860bacfb6070c5d828511a7cb8,1,-1
policy-0800000,policy-2000000,validation,253,1200430541,opponent,draw,True,True,2,2,266,False,True,0,False,False,False,91569d20cd52844cfa31284fe8df2886b3d8f2860bacfb6070c5d828511a7cb8,1,0
policy-0800000,policy-2000000,validation,254,1349791374,host,loss,True,True,1,2,239,False,True,0,False,False,False,91569d20cd52844cfa31284fe8df2886b3d8f2860bacfb6070c5d828511a7cb8,1,-1
policy-0800000,policy-2000000,validation,254,1349791374,opponent,draw,True,True,2,2,352,False,True,0,False,False,False,91569d20cd52844cfa31284fe8df2886b3d8f2860bacfb6070c5d828511a7cb8,1,0
policy-1000256,policy-1000256,validation,250,1019181764,host,win,True,True,3,2,232,True,False,0,False,False,False,91569d20cd52844cfa31284fe8df2886b3d8f2860bacfb6070c5d828511a7cb8,1,1
policy-1000256,policy-1000256,validation,250,1019181764,opponent,loss,True,True,2,3,232,True,False,0,False,False,False,91569d20cd52844cfa31284fe8df2886b3d8f2860bacfb6070c5d828511a7cb8,1,-1
policy-1000256,policy-1000256,validation,251,245721494,host,win,True,True,3,2,321,True,False,0,False,False,False,91569d20cd52844cfa31284fe8df2886b3d8f2860bacfb6070c5d828511a7cb8,1,1
policy-1000256,policy-1000256,validation,251,245721494,opponent,loss,True,True,2,3,321,True,False,0,False,False,False,91569d20cd52844cfa31284fe8df2886b3d8f2860bacfb6070c5d828511a7cb8,1,-1
policy-1000256,policy-1000256,validation,252,1891682600,host,draw,True,True,2,2,241,False,True,0,False,False,False,91569d20cd52844cfa31284fe8df2886b3d8f2860bacfb6070c5d828511a7cb8,1,0
policy-1000256,policy-1000256,validation,252,1891682600,opponent,draw,True,True,2,2,270,False,True,0,False,False,False,91569d20cd52844cfa31284fe8df2886b3d8f2860bacfb6070c5d828511a7cb8,1,0
policy-1000256,policy-1000256,validation,253,1200430541,host,draw,True,True,2,2,344,False,True,0,False,False,False,91569d20cd52844cfa31284fe8df2886b3d8f2860bacfb6070c5d828511a7cb8,1,0
policy-1000256,policy-1000256,validation,253,1200430541,opponent,draw,True,True,2,2,344,False,True,0,False,False,False,91569d20cd52844cfa31284fe8df2886b3d8f2860bacfb6070c5d828511a7cb8,1,0
policy-1000256,policy-1000256,validation,254,1349791374,host,win,True,True,3,2,400,True,False,0,False,False,False,91569d20cd52844cfa31284fe8df2886b3d8f2860bacfb6070c5d828511a7cb8,1,1
policy-1000256,policy-1000256,validation,254,1349791374,opponent,loss,True,True,2,3,400,True,False,0,False,False,False,91569d20cd52844cfa31284fe8df2886b3d8f2860bacfb6070c5d828511a7cb8,1,-1
policy-1000256,policy-1400000,validation,250,1019181764,host,win,True,True,3,2,211,True,False,0,False,False,False,91569d20cd52844cfa31284fe8df2886b3d8f2860bacfb6070c5d828511a7cb8,1,1
policy-1000256,policy-1400000,validation,250,1019181764,opponent,loss,True,True,2,3,323,True,False,0,False,False,False,91569d20cd52844cfa31284fe8df2886b3d8f2860bacfb6070c5d828511a7cb8,1,-1
policy-1000256,policy-1400000,validation,251,245721494,host,win,True,True,3,2,226,True,False,0,False,False,False,91569d20cd52844cfa31284fe8df2886b3d8f2860bacfb6070c5d828511a7cb8,1,1
policy-1000256,policy-1400000,validation,251,245721494,opponent,loss,True,True,1,2,290,False,True,0,False,False,False,91569d20cd52844cfa31284fe8df2886b3d8f2860bacfb6070c5d828511a7cb8,1,-1
policy-1000256,policy-1400000,validation,252,1891682600,host,draw,True,True,2,2,428,False,True,0,False,False,False,91569d20cd52844cfa31284fe8df2886b3d8f2860bacfb6070c5d828511a7cb8,1,0
policy-1000256,policy-1400000,validation,252,1891682600,opponent,draw,True,True,2,2,328,False,True,0,False,False,False,91569d20cd52844cfa31284fe8df2886b3d8f2860bacfb6070c5d828511a7cb8,1,0
policy-1000256,policy-1400000,validation,253,1200430541,host,draw,True,True,2,2,349,False,True,0,False,False,False,91569d20cd52844cfa31284fe8df2886b3d8f2860bacfb6070c5d828511a7cb8,1,0
policy-1000256,policy-1400000,validation,253,1200430541,opponent,win,True,True,3,2,412,True,False,0,False,False,False,91569d20cd52844cfa31284fe8df2886b3d8f2860bacfb6070c5d828511a7cb8,1,1
policy-1000256,policy-1400000,validation,254,1349791374,host,win,True,True,3,2,362,True,False,0,False,False,False,91569d20cd52844cfa31284fe8df2886b3d8f2860bacfb6070c5d828511a7cb8,1,1
policy-1000256,policy-1400000,validation,254,1349791374,opponent,draw,True,True,2,2,361,False,True,0,False,False,False,91569d20cd52844cfa31284fe8df2886b3d8f2860bacfb6070c5d828511a7cb8,1,0
policy-1000256,policy-1603584,validation,250,1019181764,host,win,True,True,2,1,164,False,True,0,False,False,False,91569d20cd52844cfa31284fe8df2886b3d8f2860bacfb6070c5d828511a7cb8,1,1
policy-1000256,policy-1603584,validation,250,1019181764,opponent,loss,True,True,1,3,156,True,False,0,False,False,False,91569d20cd52844cfa31284fe8df2886b3d8f2860bacfb6070c5d828511a7cb8,1,-2
policy-1000256,policy-1603584,validation,251,245721494,host,draw,True,True,2,2,399,False,True,0,False,False,False,91569d20cd52844cfa31284fe8df2886b3d8f2860bacfb6070c5d828511a7cb8,1,0
policy-1000256,policy-1603584,validation,251,245721494,opponent,draw,True,True,2,2,299,False,True,0,False,False,False,91569d20cd52844cfa31284fe8df2886b3d8f2860bacfb6070c5d828511a7cb8,1,0
policy-1000256,policy-1603584,validation,252,1891682600,host,draw,True,True,2,2,433,False,True,0,False,False,False,91569d20cd52844cfa31284fe8df2886b3d8f2860bacfb6070c5d828511a7cb8,1,0
policy-1000256,policy-1603584,validation,252,1891682600,opponent,loss,True,True,2,3,259,True,False,0,False,False,False,91569d20cd52844cfa31284fe8df2886b3d8f2860bacfb6070c5d828511a7cb8,1,-1
policy-1000256,policy-1603584,validation,253,1200430541,host,loss,True,True,1,3,238,True,False,0,False,False,False,91569d20cd52844cfa31284fe8df2886b3d8f2860bacfb6070c5d828511a7cb8,1,-2
policy-1000256,policy-1603584,validation,253,1200430541,opponent,draw,True,True,2,2,333,False,True,0,False,False,False,91569d20cd52844cfa31284fe8df2886b3d8f2860bacfb6070c5d828511a7cb8,1,0
policy-1000256,policy-1603584,validation,254,1349791374,host,draw,True,True,2,2,352,False,True,0,False,False,False,91569d20cd52844cfa31284fe8df2886b3d8f2860bacfb6070c5d828511a7cb8,1,0
policy-1000256,policy-1603584,validation,254,1349791374,opponent,loss,True,True,1,2,421,False,True,0,False,False,False,91569d20cd52844cfa31284fe8df2886b3d8f2860bacfb6070c5d828511a7cb8,1,-1
policy-1000256,policy-1800768,validation,250,1019181764,host,draw,True,True,2,2,354,False,True,0,False,False,False,91569d20cd52844cfa31284fe8df2886b3d8f2860bacfb6070c5d828511a7cb8,1,0
policy-1000256,policy-1800768,validation,250,1019181764,opponent,loss,True,True,1,2,149,False,True,0,False,False,False,91569d20cd52844cfa31284fe8df2886b3d8f2860bacfb6070c5d828511a7cb8,1,-1
policy-1000256,policy-1800768,validation,251,245721494,host,draw,True,True,2,2,262,False,True,0,False,False,False,91569d20cd52844cfa31284fe8df2886b3d8f2860bacfb6070c5d828511a7cb8,1,0
policy-1000256,policy-1800768,validation,251,245721494,opponent,loss,True,True,1,3,346,True,False,0,False,False,False,91569d20cd52844cfa31284fe8df2886b3d8f2860bacfb6070c5d828511a7cb8,1,-2
policy-1000256,policy-1800768,validation,252,1891682600,host,draw,True,True,2,2,294,False,True,0,False,False,False,91569d20cd52844cfa31284fe8df2886b3d8f2860bacfb6070c5d828511a7cb8,1,0
policy-1000256,policy-1800768,validation,252,1891682600,opponent,draw,True,True,2,2,243,False,True,0,False,False,False,91569d20cd52844cfa31284fe8df2886b3d8f2860bacfb6070c5d828511a7cb8,1,0
policy-1000256,policy-1800768,validation,253,1200430541,host,loss,True,True,1,2,245,False,True,0,False,False,False,91569d20cd52844cfa31284fe8df2886b3d8f2860bacfb6070c5d828511a7cb8,1,-1
policy-1000256,policy-1800768,validation,253,1200430541,opponent,win,True,True,3,2,459,True,False,0,False,False,False,91569d20cd52844cfa31284fe8df2886b3d8f2860bacfb6070c5d828511a7cb8,1,1
policy-1000256,policy-1800768,validation,254,1349791374,host,draw,True,True,2,2,292,False,True,0,False,False,False,91569d20cd52844cfa31284fe8df2886b3d8f2860bacfb6070c5d828511a7cb8,1,0
policy-1000256,policy-1800768,validation,254,1349791374,opponent,loss,True,True,2,3,383,True,False,0,False,False,False,91569d20cd52844cfa31284fe8df2886b3d8f2860bacfb6070c5d828511a7cb8,1,-1
policy-1000256,policy-2000000,validation,250,1019181764,host,win,True,True,3,1,293,True,False,0,False,False,False,91569d20cd52844cfa31284fe8df2886b3d8f2860bacfb6070c5d828511a7cb8,1,2
policy-1000256,policy-2000000,validation,250,1019181764,opponent,loss,True,True,1,2,221,False,True,0,False,False,False,91569d20cd52844cfa31284fe8df2886b3d8f2860bacfb6070c5d828511a7cb8,1,-1
policy-1000256,policy-2000000,validation,251,245721494,host,draw,True,True,2,2,321,False,True,0,False,False,False,91569d20cd52844cfa31284fe8df2886b3d8f2860bacfb6070c5d828511a7cb8,1,0
policy-1000256,policy-2000000,validation,251,245721494,opponent,draw,True,True,2,2,281,False,True,0,False,False,False,91569d20cd52844cfa31284fe8df2886b3d8f2860bacfb6070c5d828511a7cb8,1,0
policy-1000256,policy-2000000,validation,252,1891682600,host,win,True,True,2,1,246,False,True,0,False,False,False,91569d20cd52844cfa31284fe8df2886b3d8f2860bacfb6070c5d828511a7cb8,1,1
policy-1000256,policy-2000000,validation,252,1891682600,opponent,loss,True,True,2,3,316,True,False,0,False,False,False,91569d20cd52844cfa31284fe8df2886b3d8f2860bacfb6070c5d828511a7cb8,1,-1
policy-1000256,policy-2000000,validation,253,1200430541,host,loss,True,True,1,3,238,True,False,0,False,False,False,91569d20cd52844cfa31284fe8df2886b3d8f2860bacfb6070c5d828511a7cb8,1,-2
policy-1000256,policy-2000000,validation,253,1200430541,opponent,win,True,True,3,2,339,True,False,0,False,False,False,91569d20cd52844cfa31284fe8df2886b3d8f2860bacfb6070c5d828511a7cb8,1,1
policy-1000256,policy-2000000,validation,254,1349791374,host,win,True,True,3,2,387,True,False,0,False,False,False,91569d20cd52844cfa31284fe8df2886b3d8f2860bacfb6070c5d828511a7cb8,1,1
policy-1000256,policy-2000000,validation,254,1349791374,opponent,draw,True,True,2,2,401,False,True,0,False,False,False,91569d20cd52844cfa31284fe8df2886b3d8f2860bacfb6070c5d828511a7cb8,1,0
policy-1400000,policy-1400000,validation,250,1019181764,host,win,True,True,3,1,122,True,False,0,False,False,False,91569d20cd52844cfa31284fe8df2886b3d8f2860bacfb6070c5d828511a7cb8,1,2
policy-1400000,policy-1400000,validation,250,1019181764,opponent,loss,True,True,1,3,122,True,False,0,False,False,False,91569d20cd52844cfa31284fe8df2886b3d8f2860bacfb6070c5d828511a7cb8,1,-2
policy-1400000,policy-1400000,validation,251,245721494,host,draw,True,True,2,2,329,False,True,0,False,False,False,91569d20cd52844cfa31284fe8df2886b3d8f2860bacfb6070c5d828511a7cb8,1,0
policy-1400000,policy-1400000,validation,251,245721494,opponent,draw,True,True,2,2,329,False,True,0,False,False,False,91569d20cd52844cfa31284fe8df2886b3d8f2860bacfb6070c5d828511a7cb8,1,0
policy-1400000,policy-1400000,validation,252,1891682600,host,draw,True,True,2,2,186,False,True,0,False,False,False,91569d20cd52844cfa31284fe8df2886b3d8f2860bacfb6070c5d828511a7cb8,1,0
policy-1400000,policy-1400000,validation,252,1891682600,opponent,draw,True,True,2,2,186,False,True,0,False,False,False,91569d20cd52844cfa31284fe8df2886b3d8f2860bacfb6070c5d828511a7cb8,1,0
policy-1400000,policy-1400000,validation,253,1200430541,host,loss,True,True,2,3,243,True,False,0,False,False,False,91569d20cd52844cfa31284fe8df2886b3d8f2860bacfb6070c5d828511a7cb8,1,-1
policy-1400000,policy-1400000,validation,253,1200430541,opponent,win,True,True,3,2,243,True,False,0,False,False,False,91569d20cd52844cfa31284fe8df2886b3d8f2860bacfb6070c5d828511a7cb8,1,1
policy-1400000,policy-1400000,validation,254,1349791374,host,loss,True,True,2,3,492,True,False,0,False,False,False,91569d20cd52844cfa31284fe8df2886b3d8f2860bacfb6070c5d828511a7cb8,1,-1
policy-1400000,policy-1400000,validation,254,1349791374,opponent,win,True,True,3,2,492,True,False,0,False,False,False,91569d20cd52844cfa31284fe8df2886b3d8f2860bacfb6070c5d828511a7cb8,1,1
policy-1400000,policy-1603584,validation,250,1019181764,host,win,True,True,3,2,316,True,False,0,False,False,False,91569d20cd52844cfa31284fe8df2886b3d8f2860bacfb6070c5d828511a7cb8,1,1
policy-1400000,policy-1603584,validation,250,1019181764,opponent,loss,True,True,1,3,150,True,False,0,False,False,False,91569d20cd52844cfa31284fe8df2886b3d8f2860bacfb6070c5d828511a7cb8,1,-2
policy-1400000,policy-1603584,validation,251,245721494,host,draw,True,True,2,2,257,False,True,0,False,False,False,91569d20cd52844cfa31284fe8df2886b3d8f2860bacfb6070c5d828511a7cb8,1,0
policy-1400000,policy-1603584,validation,251,245721494,opponent,draw,True,True,2,2,260,False,True,0,False,False,False,91569d20cd52844cfa31284fe8df2886b3d8f2860bacfb6070c5d828511a7cb8,1,0
policy-1400000,policy-1603584,validation,252,1891682600,host,win,True,True,3,2,269,True,False,0,False,False,False,91569d20cd52844cfa31284fe8df2886b3d8f2860bacfb6070c5d828511a7cb8,1,1
policy-1400000,policy-1603584,validation,252,1891682600,opponent,loss,True,True,2,3,254,True,False,0,False,False,False,91569d20cd52844cfa31284fe8df2886b3d8f2860bacfb6070c5d828511a7cb8,1,-1
policy-1400000,policy-1603584,validation,253,1200430541,host,draw,True,True,2,2,251,False,True,0,False,False,False,91569d20cd52844cfa31284fe8df2886b3d8f2860bacfb6070c5d828511a7cb8,1,0
policy-1400000,policy-1603584,validation,253,1200430541,opponent,win,True,True,3,2,232,True,False,0,False,False,False,91569d20cd52844cfa31284fe8df2886b3d8f2860bacfb6070c5d828511a7cb8,1,1
policy-1400000,policy-1603584,validation,254,1349791374,host,win,True,True,3,2,255,True,False,0,False,False,False,91569d20cd52844cfa31284fe8df2886b3d8f2860bacfb6070c5d828511a7cb8,1,1
policy-1400000,policy-1603584,validation,254,1349791374,opponent,draw,True,True,2,2,368,False,True,0,False,False,False,91569d20cd52844cfa31284fe8df2886b3d8f2860bacfb6070c5d828511a7cb8,1,0
policy-1400000,policy-1800768,validation,250,1019181764,host,draw,True,True,2,2,293,False,True,0,False,False,False,91569d20cd52844cfa31284fe8df2886b3d8f2860bacfb6070c5d828511a7cb8,1,0
policy-1400000,policy-1800768,validation,250,1019181764,opponent,loss,True,True,1,3,117,True,False,0,False,False,False,91569d20cd52844cfa31284fe8df2886b3d8f2860bacfb6070c5d828511a7cb8,1,-2
policy-1400000,policy-1800768,validation,251,245721494,host,win,True,True,3,2,190,True,False,0,False,False,False,91569d20cd52844cfa31284fe8df2886b3d8f2860bacfb6070c5d828511a7cb8,1,1
policy-1400000,policy-1800768,validation,251,245721494,opponent,draw,True,True,2,2,227,False,True,0,False,False,False,91569d20cd52844cfa31284fe8df2886b3d8f2860bacfb6070c5d828511a7cb8,1,0
policy-1400000,policy-1800768,validation,252,1891682600,host,draw,True,True,2,2,350,False,True,0,False,False,False,91569d20cd52844cfa31284fe8df2886b3d8f2860bacfb6070c5d828511a7cb8,1,0
policy-1400000,policy-1800768,validation,252,1891682600,opponent,draw,True,True,2,2,255,False,True,0,False,False,False,91569d20cd52844cfa31284fe8df2886b3d8f2860bacfb6070c5d828511a7cb8,1,0
policy-1400000,policy-1800768,validation,253,1200430541,host,loss,True,True,2,3,189,True,False,0,False,False,False,91569d20cd52844cfa31284fe8df2886b3d8f2860bacfb6070c5d828511a7cb8,1,-1
policy-1400000,policy-1800768,validation,253,1200430541,opponent,win,True,True,3,2,241,True,False,0,False,False,False,91569d20cd52844cfa31284fe8df2886b3d8f2860bacfb6070c5d828511a7cb8,1,1
policy-1400000,policy-1800768,validation,254,1349791374,host,win,True,True,2,1,430,False,True,0,False,False,False,91569d20cd52844cfa31284fe8df2886b3d8f2860bacfb6070c5d828511a7cb8,1,1
policy-1400000,policy-1800768,validation,254,1349791374,opponent,loss,True,True,2,3,190,True,False,0,False,False,False,91569d20cd52844cfa31284fe8df2886b3d8f2860bacfb6070c5d828511a7cb8,1,-1
policy-1400000,policy-2000000,validation,250,1019181764,host,win,True,True,3,2,260,True,False,0,False,False,False,91569d20cd52844cfa31284fe8df2886b3d8f2860bacfb6070c5d828511a7cb8,1,1
policy-1400000,policy-2000000,validation,250,1019181764,opponent,loss,True,True,1,2,115,False,True,0,False,False,False,91569d20cd52844cfa31284fe8df2886b3d8f2860bacfb6070c5d828511a7cb8,1,-1
policy-1400000,policy-2000000,validation,251,245721494,host,win,True,True,2,1,300,False,True,0,False,False,False,91569d20cd52844cfa31284fe8df2886b3d8f2860bacfb6070c5d828511a7cb8,1,1
policy-1400000,policy-2000000,validation,251,245721494,opponent,draw,True,True,2,2,252,False,True,0,False,False,False,91569d20cd52844cfa31284fe8df2886b3d8f2860bacfb6070c5d828511a7cb8,1,0
policy-1400000,policy-2000000,validation,252,1891682600,host,draw,True,True,2,2,320,False,True,0,False,False,False,91569d20cd52844cfa31284fe8df2886b3d8f2860bacfb6070c5d828511a7cb8,1,0
policy-1400000,policy-2000000,validation,252,1891682600,opponent,draw,True,True,2,2,332,False,True,0,False,False,False,91569d20cd52844cfa31284fe8df2886b3d8f2860bacfb6070c5d828511a7cb8,1,0
policy-1400000,policy-2000000,validation,253,1200430541,host,draw,True,True,2,2,189,False,True,0,False,False,False,91569d20cd52844cfa31284fe8df2886b3d8f2860bacfb6070c5d828511a7cb8,1,0
policy-1400000,policy-2000000,validation,253,1200430541,opponent,draw,True,True,2,2,327,False,True,0,False,False,False,91569d20cd52844cfa31284fe8df2886b3d8f2860bacfb6070c5d828511a7cb8,1,0
policy-1400000,policy-2000000,validation,254,1349791374,host,win,True,True,3,2,447,True,False,0,False,False,False,91569d20cd52844cfa31284fe8df2886b3d8f2860bacfb6070c5d828511a7cb8,1,1
policy-1400000,policy-2000000,validation,254,1349791374,opponent,loss,True,True,2,3,317,True,False,0,False,False,False,91569d20cd52844cfa31284fe8df2886b3d8f2860bacfb6070c5d828511a7cb8,1,-1
policy-1603584,policy-1603584,validation,250,1019181764,host,win,True,True,2,1,263,False,True,0,False,False,False,91569d20cd52844cfa31284fe8df2886b3d8f2860bacfb6070c5d828511a7cb8,1,1
policy-1603584,policy-1603584,validation,250,1019181764,opponent,loss,True,True,1,2,263,False,True,0,False,False,False,91569d20cd52844cfa31284fe8df2886b3d8f2860bacfb6070c5d828511a7cb8,1,-1
policy-1603584,policy-1603584,validation,251,245721494,host,draw,True,True,2,2,272,False,True,0,False,False,False,91569d20cd52844cfa31284fe8df2886b3d8f2860bacfb6070c5d828511a7cb8,1,0
policy-1603584,policy-1603584,validation,251,245721494,opponent,draw,True,True,2,2,272,False,True,0,False,False,False,91569d20cd52844cfa31284fe8df2886b3d8f2860bacfb6070c5d828511a7cb8,1,0
policy-1603584,policy-1603584,validation,252,1891682600,host,win,True,True,3,1,391,True,False,0,False,False,False,91569d20cd52844cfa31284fe8df2886b3d8f2860bacfb6070c5d828511a7cb8,1,2
policy-1603584,policy-1603584,validation,252,1891682600,opponent,loss,True,True,1,3,391,True,False,0,False,False,False,91569d20cd52844cfa31284fe8df2886b3d8f2860bacfb6070c5d828511a7cb8,1,-2
policy-1603584,policy-1603584,validation,253,1200430541,host,draw,True,True,2,2,218,False,True,0,False,False,False,91569d20cd52844cfa31284fe8df2886b3d8f2860bacfb6070c5d828511a7cb8,1,0
policy-1603584,policy-1603584,validation,253,1200430541,opponent,draw,True,True,2,2,218,False,True,0,False,False,False,91569d20cd52844cfa31284fe8df2886b3d8f2860bacfb6070c5d828511a7cb8,1,0
policy-1603584,policy-1603584,validation,254,1349791374,host,loss,True,True,1,3,271,True,False,0,False,False,False,91569d20cd52844cfa31284fe8df2886b3d8f2860bacfb6070c5d828511a7cb8,1,-2
policy-1603584,policy-1603584,validation,254,1349791374,opponent,win,True,True,3,1,271,True,False,0,False,False,False,91569d20cd52844cfa31284fe8df2886b3d8f2860bacfb6070c5d828511a7cb8,1,2
policy-1603584,policy-1800768,validation,250,1019181764,host,win,True,True,2,1,188,False,True,0,False,False,False,91569d20cd52844cfa31284fe8df2886b3d8f2860bacfb6070c5d828511a7cb8,1,1
policy-1603584,policy-1800768,validation,250,1019181764,opponent,loss,True,True,1,2,180,False,True,0,False,False,False,91569d20cd52844cfa31284fe8df2886b3d8f2860bacfb6070c5d828511a7cb8,1,-1
policy-1603584,policy-1800768,validation,251,245721494,host,draw,True,True,2,2,260,False,True,0,False,False,False,91569d20cd52844cfa31284fe8df2886b3d8f2860bacfb6070c5d828511a7cb8,1,0
policy-1603584,policy-1800768,validation,251,245721494,opponent,draw,True,True,2,2,303,False,True,0,False,False,False,91569d20cd52844cfa31284fe8df2886b3d8f2860bacfb6070c5d828511a7cb8,1,0
policy-1603584,policy-1800768,validation,252,1891682600,host,draw,True,True,2,2,192,False,True,0,False,False,False,91569d20cd52844cfa31284fe8df2886b3d8f2860bacfb6070c5d828511a7cb8,1,0
policy-1603584,policy-1800768,validation,252,1891682600,opponent,loss,True,True,2,3,234,True,False,0,False,False,False,91569d20cd52844cfa31284fe8df2886b3d8f2860bacfb6070c5d828511a7cb8,1,-1
policy-1603584,policy-1800768,validation,253,1200430541,host,draw,True,True,2,2,207,False,True,0,False,False,False,91569d20cd52844cfa31284fe8df2886b3d8f2860bacfb6070c5d828511a7cb8,1,0
policy-1603584,policy-1800768,validation,253,1200430541,opponent,draw,True,True,2,2,189,False,True,0,False,False,False,91569d20cd52844cfa31284fe8df2886b3d8f2860bacfb6070c5d828511a7cb8,1,0
policy-1603584,policy-1800768,validation,254,1349791374,host,draw,True,True,2,2,269,False,True,0,False,False,False,91569d20cd52844cfa31284fe8df2886b3d8f2860bacfb6070c5d828511a7cb8,1,0
policy-1603584,policy-1800768,validation,254,1349791374,opponent,loss,True,True,2,3,425,True,False,0,False,False,False,91569d20cd52844cfa31284fe8df2886b3d8f2860bacfb6070c5d828511a7cb8,1,-1
policy-1603584,policy-2000000,validation,250,1019181764,host,win,True,True,2,1,122,False,True,0,False,False,False,91569d20cd52844cfa31284fe8df2886b3d8f2860bacfb6070c5d828511a7cb8,1,1
policy-1603584,policy-2000000,validation,250,1019181764,opponent,loss,True,True,1,3,178,True,False,0,False,False,False,91569d20cd52844cfa31284fe8df2886b3d8f2860bacfb6070c5d828511a7cb8,1,-2
policy-1603584,policy-2000000,validation,251,245721494,host,win,True,True,3,2,291,True,False,0,False,False,False,91569d20cd52844cfa31284fe8df2886b3d8f2860bacfb6070c5d828511a7cb8,1,1
policy-1603584,policy-2000000,validation,251,245721494,opponent,draw,True,True,2,2,261,False,True,0,False,False,False,91569d20cd52844cfa31284fe8df2886b3d8f2860bacfb6070c5d828511a7cb8,1,0
policy-1603584,policy-2000000,validation,252,1891682600,host,win,True,True,3,2,386,True,False,0,False,False,False,91569d20cd52844cfa31284fe8df2886b3d8f2860bacfb6070c5d828511a7cb8,1,1
policy-1603584,policy-2000000,validation,252,1891682600,opponent,draw,True,True,2,2,370,False,True,0,False,False,False,91569d20cd52844cfa31284fe8df2886b3d8f2860bacfb6070c5d828511a7cb8,1,0
policy-1603584,policy-2000000,validation,253,1200430541,host,draw,True,True,2,2,209,False,True,0,False,False,False,91569d20cd52844cfa31284fe8df2886b3d8f2860bacfb6070c5d828511a7cb8,1,0
policy-1603584,policy-2000000,validation,253,1200430541,opponent,win,True,True,3,2,221,True,False,0,False,False,False,91569d20cd52844cfa31284fe8df2886b3d8f2860bacfb6070c5d828511a7cb8,1,1
policy-1603584,policy-2000000,validation,254,1349791374,host,win,True,True,3,2,221,True,False,0,False,False,False,91569d20cd52844cfa31284fe8df2886b3d8f2860bacfb6070c5d828511a7cb8,1,1
policy-1603584,policy-2000000,validation,254,1349791374,opponent,loss,True,True,2,3,292,True,False,0,False,False,False,91569d20cd52844cfa31284fe8df2886b3d8f2860bacfb6070c5d828511a7cb8,1,-1
policy-1800768,policy-1800768,validation,250,1019181764,host,win,True,True,3,1,233,True,False,0,False,False,False,91569d20cd52844cfa31284fe8df2886b3d8f2860bacfb6070c5d828511a7cb8,1,2
policy-1800768,policy-1800768,validation,250,1019181764,opponent,loss,True,True,1,3,233,True,False,0,False,False,False,91569d20cd52844cfa31284fe8df2886b3d8f2860bacfb6070c5d828511a7cb8,1,-2
policy-1800768,policy-1800768,validation,251,245721494,host,loss,True,True,2,3,255,True,False,0,False,False,False,91569d20cd52844cfa31284fe8df2886b3d8f2860bacfb6070c5d828511a7cb8,1,-1
policy-1800768,policy-1800768,validation,251,245721494,opponent,win,True,True,3,2,255,True,False,0,False,False,False,91569d20cd52844cfa31284fe8df2886b3d8f2860bacfb6070c5d828511a7cb8,1,1
policy-1800768,policy-1800768,validation,252,1891682600,host,win,True,True,2,1,296,False,True,0,False,False,False,91569d20cd52844cfa31284fe8df2886b3d8f2860bacfb6070c5d828511a7cb8,1,1
policy-1800768,policy-1800768,validation,252,1891682600,opponent,loss,True,True,1,2,296,False,True,0,False,False,False,91569d20cd52844cfa31284fe8df2886b3d8f2860bacfb6070c5d828511a7cb8,1,-1
policy-1800768,policy-1800768,validation,253,1200430541,host,loss,True,True,2,3,212,True,False,0,False,False,False,91569d20cd52844cfa31284fe8df2886b3d8f2860bacfb6070c5d828511a7cb8,1,-1
policy-1800768,policy-1800768,validation,253,1200430541,opponent,win,True,True,3,2,212,True,False,0,False,False,False,91569d20cd52844cfa31284fe8df2886b3d8f2860bacfb6070c5d828511a7cb8,1,1
policy-1800768,policy-1800768,validation,254,1349791374,host,draw,True,True,2,2,238,False,True,0,False,False,False,91569d20cd52844cfa31284fe8df2886b3d8f2860bacfb6070c5d828511a7cb8,1,0
policy-1800768,policy-1800768,validation,254,1349791374,opponent,draw,True,True,2,2,238,False,True,0,False,False,False,91569d20cd52844cfa31284fe8df2886b3d8f2860bacfb6070c5d828511a7cb8,1,0
policy-1800768,policy-2000000,validation,250,1019181764,host,win,True,True,3,1,119,True,False,0,False,False,False,91569d20cd52844cfa31284fe8df2886b3d8f2860bacfb6070c5d828511a7cb8,1,2
policy-1800768,policy-2000000,validation,250,1019181764,opponent,loss,True,True,1,3,217,True,False,0,False,False,False,91569d20cd52844cfa31284fe8df2886b3d8f2860bacfb6070c5d828511a7cb8,1,-2
policy-1800768,policy-2000000,validation,251,245721494,host,draw,True,True,2,2,346,False,True,0,False,False,False,91569d20cd52844cfa31284fe8df2886b3d8f2860bacfb6070c5d828511a7cb8,1,0
policy-1800768,policy-2000000,validation,251,245721494,opponent,win,True,True,3,2,423,True,False,0,False,False,False,91569d20cd52844cfa31284fe8df2886b3d8f2860bacfb6070c5d828511a7cb8,1,1
policy-1800768,policy-2000000,validation,252,1891682600,host,win,True,True,2,1,308,False,True,0,False,False,False,91569d20cd52844cfa31284fe8df2886b3d8f2860bacfb6070c5d828511a7cb8,1,1
policy-1800768,policy-2000000,validation,252,1891682600,opponent,draw,True,True,2,2,344,False,True,0,False,False,False,91569d20cd52844cfa31284fe8df2886b3d8f2860bacfb6070c5d828511a7cb8,1,0
policy-1800768,policy-2000000,validation,253,1200430541,host,draw,True,True,2,2,211,False,True,0,False,False,False,91569d20cd52844cfa31284fe8df2886b3d8f2860bacfb6070c5d828511a7cb8,1,0
policy-1800768,policy-2000000,validation,253,1200430541,opponent,win,True,True,3,2,288,True,False,0,False,False,False,91569d20cd52844cfa31284fe8df2886b3d8f2860bacfb6070c5d828511a7cb8,1,1
policy-1800768,policy-2000000,validation,254,1349791374,host,draw,True,True,2,2,242,False,True,0,False,False,False,91569d20cd52844cfa31284fe8df2886b3d8f2860bacfb6070c5d828511a7cb8,1,0
policy-1800768,policy-2000000,validation,254,1349791374,opponent,loss,True,True,2,3,238,True,False,0,False,False,False,91569d20cd52844cfa31284fe8df2886b3d8f2860bacfb6070c5d828511a7cb8,1,-1
policy-2000000,policy-2000000,validation,250,1019181764,host,win,True,True,2,1,177,False,True,0,False,False,False,91569d20cd52844cfa31284fe8df2886b3d8f2860bacfb6070c5d828511a7cb8,1,1
policy-2000000,policy-2000000,validation,250,1019181764,opponent,loss,True,True,1,2,177,False,True,0,False,False,False,91569d20cd52844cfa31284fe8df2886b3d8f2860bacfb6070c5d828511a7cb8,1,-1
policy-2000000,policy-2000000,validation,251,245721494,host,draw,True,True,2,2,272,False,True,0,False,False,False,91569d20cd52844cfa31284fe8df2886b3d8f2860bacfb6070c5d828511a7cb8,1,0
policy-2000000,policy-2000000,validation,251,245721494,opponent,draw,True,True,2,2,272,False,True,0,False,False,False,91569d20cd52844cfa31284fe8df2886b3d8f2860bacfb6070c5d828511a7cb8,1,0
policy-2000000,policy-2000000,validation,252,1891682600,host,win,True,True,3,2,354,True,False,0,False,False,False,91569d20cd52844cfa31284fe8df2886b3d8f2860bacfb6070c5d828511a7cb8,1,1
policy-2000000,policy-2000000,validation,252,1891682600,opponent,loss,True,True,2,3,354,True,False,0,False,False,False,91569d20cd52844cfa31284fe8df2886b3d8f2860bacfb6070c5d828511a7cb8,1,-1
policy-2000000,policy-2000000,validation,253,1200430541,host,loss,True,True,2,3,283,True,False,0,False,False,False,91569d20cd52844cfa31284fe8df2886b3d8f2860bacfb6070c5d828511a7cb8,1,-1
policy-2000000,policy-2000000,validation,253,1200430541,opponent,win,True,True,3,2,283,True,False,0,False,False,False,91569d20cd52844cfa31284fe8df2886b3d8f2860bacfb6070c5d828511a7cb8,1,1
policy-2000000,policy-2000000,validation,254,1349791374,host,win,True,True,3,2,299,True,False,0,False,False,False,91569d20cd52844cfa31284fe8df2886b3d8f2860bacfb6070c5d828511a7cb8,1,1
policy-2000000,policy-2000000,validation,254,1349791374,opponent,loss,True,True,2,3,299,True,False,0,False,False,False,91569d20cd52844cfa31284fe8df2886b3d8f2860bacfb6070c5d828511a7cb8,1,-1
