split,task,seed,spawn_index,target_index,route,teacher,success,truncated,decisions,total_reward,event_types,protocol_inconsistent,scenario_hash
test,navigation,137249792,1,2,direct_upper,fixed_route,True,False,27,0.01,region_transition|task_success|region_transition,False,b6206daf98e4c6f4f492a7bda619663efe4e43dccb7b69117e422984126a6037
test,navigation,851086780,1,0,direct_lower,fixed_route,True,False,27,0.01,region_transition|task_success|region_transition,False,b6206daf98e4c6f4f492a7bda619663efe4e43dccb7b69117e422984126a6037
test,navigation,1583896710,1,1,direct_lower,fixed_route,True,False,22,0.01,region_transition|task_success|region_transition,False,b6206daf98e4c6f4f492a7bda619663efe4e43dccb7b69117e422984126a6037
test,navigation,80378908,0,2,direct_lower,fixed_route,True,False,37,0.01,region_transition|task_success|region_transition,False,b6206daf98e4c6f4f492a7bda619663efe4e43dccb7b69117e422984126a6037
test,navigation,1292940014,1,1,direct_lower,fixed_route,True,False,22,0.01,region_transition|task_success|region_transition,False,b6206daf98e4c6f4f492a7bda619663efe4e43dccb7b69117e422984126a6037
test,navigation,315312209,0,2,direct_upper,fixed_route,True,False,22,0.01,region_transition|task_success|region_transition,False,b6206daf98e4c6f4f492a7bda619663efe4e43dccb7b69117e422984126a6037
test,navigation,1932140857,0,1,direct_upper,fixed_route,True,False,22,0.01,region_transition|task_success|region_transition,False,b6206daf98e4c6f4f492a7bda619663efe4e43dccb7b69117e422984126a6037
test,navigation,1329344981,0,0,flank,fixed_route,True,False,27,0.01,region_transition|task_success|region_transition,False,b6206daf98e4c6f4f492a7bda619663efe4e43dccb7b69117e422984126a6037
test,navigation,1428168010,0,2,direct_upper,fixed_route,True,False,37,0.01,region_transition|task_success|region_transition,False,b6206daf98e4c6f4f492a7bda619663efe4e43dccb7b69117e422984126a6037
test,navigation,1656822583,0,2,direct_lower,fixed_route,True,False,22,0.01,region_transition|task_success|region_transition,False,b6206daf98e4c6f4f492a7bda619663efe4e43dccb7b69117e422984126a6037
test,navigation,1316475281,0,1,direct_upper,fixed_route,True,False,22,0.01,region_transition|task_success|region_transition,False,b6206daf98e4c6f4f492a7bda619663efe4e43dccb7b69117e422984126a6037
test,navigation,58843074,2,1,direct_lower,fixed_route,True,False,22,0.01,region_transition|task_success|region_transition,False,b6206daf98e4c6f4f492a7bda619663efe4e43dccb7b69117e422984126a6037
test,navigation,676874968,2,2,direct_lower,fixed_route,True,False,22,0.01,region_transition|task_success|region_transition,False,b6206daf98e4c6f4f492a7bda619663efe4e43dccb7b69117e422984126a6037
test,navigation,1171160298,2,0,direct_upper,fixed_route,True,False,27,0.01,region_transition|task_success|region_transition,False,b6206daf98e4c6f4f492a7bda619663efe4e43dccb7b69117e422984126a6037
test,navigation,1371271074,2,0,flank,fixed_route,True,False,37,0.01,region_transition|task_success|region_transition,False,b6206daf98e4c6f4f492a7bda619663efe4e43dccb7b69117e422984126a6037
test,navigation,938038920,2,0,direct_upper,fixed_route,True,False,27,0.01,region_transition|task_success|region_transition,False,b6206daf98e4c6f4f492a7bda619663efe4e43dccb7b69117e422984126a6037
test,navigation,1771286812,2,2,direct_upper,fixed_route,True,False,22,0.01,region_transition|task_success|region_transition,False,b6206daf98e4c6f4f492a7bda619663efe4e43dccb7b69117e422984126a6037
test,navigation,1797011687,0,1,direct_lower,fixed_route,True,False,37,0.01,region_transition|task_success|region_transition,False,b6206daf98e4c6f4f492a7bda619663efe4e43dccb7b69117e422984126a6037
test,navigation,1505367939,0,2,direct_lower,fixed_route,True,False,37,0.01,region_transition|task_success|region_transition,False,b6206daf98e4c6f4f492a7bda619663efe4e43dccb7b69117e422984126a6037
test,navigation,918059690,2,0,direct_upper,fixed_route,True,False,37,0.01,region_transition|task_success|region_transition,False,b6206daf98e4c6f4f492a7bda619663efe4e43dccb7b69117e422984126a6037
test,navigation,1506228004,0,1,direct_upper,fixed_route,True,False,22,0.01,region_transition|task_success|region_transition,False,b6206daf98e4c6f4f492a7bda619663efe4e43dccb7b69117e422984126a6037
test,navigation,406756597,1,1,direct_upper,fixed_route,True,False,37,0.01,region_transition|task_success|region_transition,False,b6206daf98e4c6f4f492a7bda619663efe4e43dccb7b69117e422984126a6037
test,navigation,1649762864,2,1,flank,fixed_route,True,False,27,0.01,region_transition|task_success|region_transition,False,b6206daf98e4c6f4f492a7bda619663efe4e43dccb7b69117e422984126a6037
test,navigation,1033863499,2,1,flank,fixed_route,True,False,22,0.01,region_transition|task_success|region_transition,False,b6206daf98e4c6f4f492a7bda619663efe4e43dccb7b69117e422984126a6037
test,navigation,1458360373,1,0,direct_upper,fixed_route,True,False,37,0.01,region_transition|task_success|region_transition,False,b6206daf98e4c6f4f492a7bda619663efe4e43dccb7b69117e422984126a6037
test,navigation,1309144025,2,0,direct_upper,fixed_route,True,False,27,0.01,region_transition|task_success|region_transition,False,b6206daf98e4c6f4f492a7bda619663efe4e43dccb7b69117e422984126a6037
test,navigation,1947737165,0,1,flank,fixed_route,True,False,27,0.01,region_transition|task_success|region_transition,False,b6206daf98e4c6f4f492a7bda619663efe4e43dccb7b69117e422984126a6037
test,navigation,280710089,1,2,direct_upper,fixed_route,True,False,37,0.01,region_transition|task_success|region_transition,False,b6206daf98e4c6f4f492a7bda619663efe4e43dccb7b69117e422984126a6037
test,navigation,262501449,0,2,direct_upper,fixed_route,True,False,27,0.01,region_transition|task_success|region_transition,False,b6206daf98e4c6f4f492a7bda619663efe4e43dccb7b69117e422984126a6037
test,navigation,6964692,2,2,flank,fixed_route,True,False,27,0.01,region_transition|task_success|region_transition,False,b6206daf98e4c6f4f492a7bda619663efe4e43dccb7b69117e422984126a6037
test,navigation,1992817845,0,0,direct_lower,fixed_route,True,False,27,0.01,region_transition|task_success|region_transition,False,b6206daf98e4c6f4f492a7bda619663efe4e43dccb7b69117e422984126a6037
test,navigation,1395413681,0,1,flank,fixed_route,True,False,37,0.01,region_transition|task_success|region_transition,False,b6206daf98e4c6f4f492a7bda619663efe4e43dccb7b69117e422984126a6037
test,navigation,246138335,1,2,direct_lower,fixed_route,True,False,27,0.01,region_transition|task_success|region_transition,False,b6206daf98e4c6f4f492a7bda619663efe4e43dccb7b69117e422984126a6037
test,navigation,560114263,2,0,flank,fixed_route,True,False,27,0.01,region_transition|task_success|region_transition,False,b6206daf98e4c6f4f492a7bda619663efe4e43dccb7b69117e422984126a6037
test,navigation,760086027,1,1,direct_upper,fixed_route,True,False,27,0.01,region_transition|task_success|region_transition,False,b6206daf98e4c6f4f492a7bda619663efe4e43dccb7b69117e422984126a6037
test,navigation,1046282257,2,1,direct_lower,fixed_route,True,False,37,0.01,region_transition|task_success|region_transition,False,b6206daf98e4c6f4f492a7bda619663efe4e43dccb7b69117e422984126a6037
test,navigation,643894501,0,2,flank,fixed_route,True,False,37,0.01,region_transition|task_success|region_transition,False,b6206daf98e4c6f4f492a7bda619663efe4e43dccb7b69117e422984126a6037
test,navigation,1771165309,2,1,direct_lower,fixed_route,True,False,22,0.01,region_transition|task_success|region_transition,False,b6206daf98e4c6f4f492a7bda619663efe4e43dccb7b69117e422984126a6037
test,navigation,1614653114,0,1,flank,fixed_route,True,False,22,0.01,region_transition|task_success|region_transition,False,b6206daf98e4c6f4f492a7bda619663efe4e43dccb7b69117e422984126a6037
test,navigation,1160155490,1,1,direct_lower,fixed_route,True,False,22,0.01,region_transition|task_success|region_transition,False,b6206daf98e4c6f4f492a7bda619663efe4e43dccb7b69117e422984126a6037
test,navigation,1310350515,0,2,direct_lower,fixed_route,True,False,37,0.01,region_transition|task_success|region_transition,False,b6206daf98e4c6f4f492a7bda619663efe4e43dccb7b69117e422984126a6037
test,navigation,977337610,1,2,flank,fixed_route,True,False,22,0.01,region_transition|task_success|region_transition,False,b6206daf98e4c6f4f492a7bda619663efe4e43dccb7b69117e422984126a6037
test,navigation,1306419110,2,1,direct_upper,fixed_route,True,False,27,0.01,region_transition|task_success|region_transition,False,b6206daf98e4c6f4f492a7bda619663efe4e43dccb7b69117e422984126a6037
test,navigation,1383612640,2,1,direct_lower,fixed_route,True,False,22,0.01,region_transition|task_success|region_transition,False,b6206daf98e4c6f4f492a7bda619663efe4e43dccb7b69117e422984126a6037
test,navigation,494779853,2,1,direct_upper,fixed_route,True,False,22,0.01,region_transition|task_success|region_transition,False,b6206daf98e4c6f4f492a7bda619663efe4e43dccb7b69117e422984126a6037
test,navigation,1312430826,1,0,direct_lower,fixed_route,True,False,27,0.01,region_transition|task_success|region_transition,False,b6206daf98e4c6f4f492a7bda619663efe4e43dccb7b69117e422984126a6037
test,navigation,490695329,0,1,direct_lower,fixed_route,True,False,37,0.01,region_transition|task_success|region_transition,False,b6206daf98e4c6f4f492a7bda619663efe4e43dccb7b69117e422984126a6037
test,navigation,1010412267,1,0,flank,fixed_route,True,False,22,0.01,region_transition|task_success|region_transition,False,b6206daf98e4c6f4f492a7bda619663efe4e43dccb7b69117e422984126a6037
test,navigation,769361512,2,0,direct_lower,fixed_route,True,False,37,0.01,region_transition|task_success|region_transition,False,b6206daf98e4c6f4f492a7bda619663efe4e43dccb7b69117e422984126a6037
test,navigation,2098124023,0,1,flank,fixed_route,True,False,22,0.01,region_transition|task_success|region_transition,False,b6206daf98e4c6f4f492a7bda619663efe4e43dccb7b69117e422984126a6037
test,navigation,1666812639,1,0,direct_lower,fixed_route,True,False,27,0.01,region_transition|task_success|region_transition,False,b6206daf98e4c6f4f492a7bda619663efe4e43dccb7b69117e422984126a6037
test,navigation,159805563,0,0,direct_lower,fixed_route,True,False,27,0.01,region_transition|task_success|region_transition,False,b6206daf98e4c6f4f492a7bda619663efe4e43dccb7b69117e422984126a6037
test,navigation,2059783792,1,1,direct_upper,fixed_route,True,False,37,0.01,region_transition|task_success|region_transition,False,b6206daf98e4c6f4f492a7bda619663efe4e43dccb7b69117e422984126a6037
test,navigation,2138917404,2,2,direct_lower,fixed_route,True,False,27,0.01,region_transition|task_success|region_transition,False,b6206daf98e4c6f4f492a7bda619663efe4e43dccb7b69117e422984126a6037
test,navigation,1878998021,1,2,flank,fixed_route,True,False,22,0.01,region_transition|task_success|region_transition,False,b6206daf98e4c6f4f492a7bda619663efe4e43dccb7b69117e422984126a6037
test,navigation,2023980832,2,0,direct_lower,fixed_route,True,False,27,0.01,region_transition|task_success|region_transition,False,b6206daf98e4c6f4f492a7bda619663efe4e43dccb7b69117e422984126a6037
test,navigation,1396277342,2,2,direct_upper,fixed_route,True,False,22,0.01,region_transition|task_success|region_transition,False,b6206daf98e4c6f4f492a7bda619663efe4e43dccb7b69117e422984126a6037
test,navigation,1860401892,1,1,direct_upper,fixed_route,True,False,27,0.01,region_transition|task_success|region_transition,False,b6206daf98e4c6f4f492a7bda619663efe4e43dccb7b69117e422984126a6037
test,navigation,605172405,2,1,direct_lower,fixed_route,True,False,37,0.01,region_transition|task_success|region_transition,False,b6206daf98e4c6f4f492a7bda619663efe4e43dccb7b69117e422984126a6037
test,navigation,1017431469,0,0,direct_lower,fixed_route,True,False,27,0.01,region_transition|task_success|region_transition,False,b6206daf98e4c6f4f492a7bda619663efe4e43dccb7b69117e422984126a6037
test,navigation,103117801,2,0,flank,fixed_route,True,False,22,0.01,region_transition|task_success|region_transition,False,b6206daf98e4c6f4f492a7bda619663efe4e43dccb7b69117e422984126a6037
test,navigation,899926715,2,2,flank,fixed_route,True,False,27,0.01,region_transition|task_success|region_transition,False,b6206daf98e4c6f4f492a7bda619663efe4e43dccb7b69117e422984126a6037
test,navigation,31066076,1,1,flank,fixed_route,True,False,27,0.01,region_transition|task_success|region_transition,False,b6206daf98e4c6f4f492a7bda619663efe4e43dccb7b69117e422984126a6037
test,navigation,22418607,1,0,direct_lower,fixed_route,True,False,27,0.01,region_transition|task_success|region_transition,False,b6206daf98e4c6f4f492a7bda619663efe4e43dccb7b69117e422984126a6037
test,navigation,1545713009,2,0,direct_lower,fixed_route,True,False,37,0.01,region_transition|task_success|region_transition,False,b6206daf98e4c6f4f492a7bda619663efe4e43dccb7b69117e422984126a6037
test,navigation,1726146011,0,2,direct_upper,fixed_route,True,False,22,0.01,region_transition|task_success|region_transition,False,b6206daf98e4c6f4f492a7bda619663efe4e43dccb7b69117e422984126a6037
test,navigation,755196501,1,2,direct_upper,fixed_route,True,False,27,0.01,region_transition|task_success|region_transition,False,b6206daf98e4c6f4f492a7bda619663efe4e43dccb7b69117e422984126a6037
test,navigation,352368795,0,2,direct_upper,fixed_route,True,False,27,0.01,region_transition|task_success|region_transition,False,b6206daf98e4c6f4f492a7bda619663efe4e43dccb7b69117e422984126a6037
test,navigation,745846914,2,2,flank,fixed_route,True,False,37,0.01,region_transition|task_success|region_transition,False,b6206daf98e4c6f4f492a7bda619663efe4e43dccb7b69117e422984126a6037
test,navigation,617837574,1,0,flank,fixed_route,True,False,22,0.01,region_transition|task_success|region_transition,False,b6206daf98e4c6f4f492a7bda619663efe4e43dccb7b69117e422984126a6037
test,navigation,227265166,1,2,direct_upper,fixed_route,True,False,22,0.01,region_transition|task_success|region_transition,False,b6206daf98e4c6f4f492a7bda619663efe4e43dccb7b69117e422984126a6037
test,navigation,52000400,2,0,flank,fixed_route,True,False,22,0.01,region_transition|task_success|region_transition,False,b6206daf98e4c6f4f492a7bda619663efe4e43dccb7b69117e422984126a6037
test,navigation,228999427,1,1,direct_upper,fixed_route,True,False,27,0.01,region_transition|task_success|region_transition,False,b6206daf98e4c6f4f492a7bda619663efe4e43dccb7b69117e422984126a6037
test,navigation,1290073750,2,0,direct_lower,fixed_route,True,False,37,0.01,region_transition|task_success|region_transition,False,b6206daf98e4c6f4f492a7bda619663efe4e43dccb7b69117e422984126a6037
test,navigation,1995128289,0,1,direct_lower,fixed_route,True,False,37,0.01,region_transition|task_success|region_transition,False,b6206daf98e4c6f4f492a7bda619663efe4e43dccb7b69117e422984126a6037
test,navigation,293499890,0,1,direct_upper,fixed_route,True,False,27,0.01,region_transition|task_success|region_transition,False,b6206daf98e4c6f4f492a7bda619663efe4e43dccb7b69117e422984126a6037
test,navigation,166947629,1,0,direct_upper,fixed_route,True,False,27,0.01,region_transition|task_success|region_transition,False,b6206daf98e4c6f4f492a7bda619663efe4e43dccb7b69117e422984126a6037
test,navigation,1300704773,1,1,direct_lower,fixed_route,True,False,22,0.01,region_transition|task_success|region_transition,False,b6206daf98e4c6f4f492a7bda619663efe4e43dccb7b69117e422984126a6037
test,navigation,1016402312,1,1,direct_lower,fixed_route,True,False,27,0.01,region_transition|task_success|region_transition,False,b6206daf98e4c6f4f492a7bda619663efe4e43dccb7b69117e422984126a6037
test,navigation,1905355740,0,2,direct_upper,fixed_route,True,False,27,0.01,region_transition|task_success|region_transition,False,b6206daf98e4c6f4f492a7bda619663efe4e43dccb7b69117e422984126a6037
test,navigation,505649008,0,2,direct_upper,fixed_route,True,False,27,0.01,region_transition|task_success|region_transition,False,b6206daf98e4c6f4f492a7bda619663efe4e43dccb7b69117e422984126a6037
test,navigation,715420380,1,0,direct_upper,fixed_route,True,False,27,0.01,region_transition|task_success|region_transition,False,b6206daf98e4c6f4f492a7bda619663efe4e43dccb7b69117e422984126a6037
test,navigation,1049838883,0,2,flank,fixed_route,True,False,27,0.01,region_transition|task_success|region_transition,False,b6206daf98e4c6f4f492a7bda619663efe4e43dccb7b69117e422984126a6037
test,navigation,617257327,2,2,direct_upper,fixed_route,True,False,22,0.01,region_transition|task_success|region_transition,False,b6206daf98e4c6f4f492a7bda619663efe4e43dccb7b69117e422984126a6037
test,navigation,983983290,1,0,direct_upper,fixed_route,True,False,22,0.01,region_transition|task_success|region_transition,False,b6206daf98e4c6f4f492a7bda619663efe4e43dccb7b69117e422984126a6037
test,navigation,1578881317,0,0,direct_lower,fixed_route,True,False,22,0.01,region_transition|task_success|region_transition,False,b6206daf98e4c6f4f492a7bda619663efe4e43dccb7b69117e422984126a6037
test,navigation,1908959033,1,2,flank,fixed_route,True,False,37,0.01,region_transition|task_success|region_transition,False,b6206daf98e4c6f4f492a7bda619663efe4e43dccb7b69117e422984126a6037
test,navigation,1687395987,2,2,flank,fixed_route,True,False,27,0.01,region_transition|task_success|region_transition,False,b6206daf98e4c6f4f492a7bda619663efe4e43dccb7b69117e422984126a6037
test,navigation,428937250,0,1,flank,fixed_route,True,False,37,0.01,region_transition|task_success|region_transition,False,b6206daf98e4c6f4f492a7bda619663efe4e43dccb7b69117e422984126a6037
test,navigation,736254197,0,1,direct_lower,fixed_route,True,False,37,0.01,region_transition|task_success|region_transition,False,b6206daf98e4c6f4f492a7bda619663efe4e43dccb7b69117e422984126a6037
test,navigation,1028726791,1,1,flank,fixed_route,True,False,37,0.01,region_transition|task_success|region_transition,False,b6206daf98e4c6f4f492a7bda619663efe4e43dccb7b69117e422984126a6037
test,navigation,1634320677,0,0,direct_lower,fixed_route,True,False,22,0.01,region_transition|task_success|region_transition,False,b6206daf98e4c6f4f492a7bda619663efe4e43dccb7b69117e422984126a6037
test,navigation,1576246856,1,0,direct_upper,fixed_route,True,False,37,0.01,region_transition|task_success|region_transition,False,b6206daf98e4c6f4f492a7bda619663efe4e43dccb7b69117e422984126a6037
test,navigation,1325956970,0,2,flank,fixed_route,True,False,37,0.01,region_transition|task_success|region_transition,False,b6206daf98e4c6f4f492a7bda619663efe4e43dccb7b69117e422984126a6037
test,navigation,1323376968,1,1,direct_lower,fixed_route,True,False,37,0.01,region_transition|task_success|region_transition,False,b6206daf98e4c6f4f492a7bda619663efe4e43dccb7b69117e422984126a6037
test,navigation,2064916128,2,2,flank,fixed_route,True,False,22,0.01,region_transition|task_success|region_transition,False,b6206daf98e4c6f4f492a7bda619663efe4e43dccb7b69117e422984126a6037
test,navigation,1654457343,0,0,direct_upper,fixed_route,True,False,37,0.01,region_transition|task_success|region_transition,False,b6206daf98e4c6f4f492a7bda619663efe4e43dccb7b69117e422984126a6037
test,navigation,53944691,1,2,direct_upper,fixed_route,True,False,37,0.01,region_transition|task_success|region_transition,False,b6206daf98e4c6f4f492a7bda619663efe4e43dccb7b69117e422984126a6037
test,navigation,1599110844,0,0,direct_lower,fixed_route,True,False,22,0.01,region_transition|task_success|region_transition,False,b6206daf98e4c6f4f492a7bda619663efe4e43dccb7b69117e422984126a6037
test,navigation,1693537682,1,0,direct_lower,fixed_route,True,False,22,0.01,region_transition|task_success|region_transition,False,b6206daf98e4c6f4f492a7bda619663efe4e43dccb7b69117e422984126a6037
test,pickup,670605129,1,0,flank,objective_first,True,False,21,0.26,region_transition|region_transition|pickup|task_success,False,b6206daf98e4c6f4f492a7bda619663efe4e43dccb7b69117e422984126a6037
test,pickup,2007118377,0,0,flank,objective_first,True,False,21,0.26,region_transition|region_transition|pickup|task_success,False,b6206daf98e4c6f4f492a7bda619663efe4e43dccb7b69117e422984126a6037
test,pickup,1866827697,2,1,direct_upper,objective_first,True,False,23,0.26,region_transition|region_transition|pickup|task_success,False,b6206daf98e4c6f4f492a7bda619663efe4e43dccb7b69117e422984126a6037
test,pickup,661710208,0,2,flank,objective_first,True,False,23,0.26,region_transition|region_transition|pickup|task_success,False,b6206daf98e4c6f4f492a7bda619663efe4e43dccb7b69117e422984126a6037
test,pickup,149967042,2,1,direct_lower,objective_first,True,False,19,0.26,region_transition|region_transition|pickup|task_success,False,b6206daf98e4c6f4f492a7bda619663efe4e43dccb7b69117e422984126a6037
test,pickup,1463230186,2,0,direct_upper,objective_first,True,False,23,0.26,region_transition|region_transition|pickup|task_success,False,b6206daf98e4c6f4f492a7bda619663efe4e43dccb7b69117e422984126a6037
test,pickup,1088916227,2,0,direct_upper,objective_first,True,False,21,0.26,region_transition|region_transition|pickup|task_success,False,b6206daf98e4c6f4f492a7bda619663efe4e43dccb7b69117e422984126a6037
test,pickup,73094719,2,1,direct_upper,objective_first,True,False,21,0.26,region_transition|region_transition|pickup|task_success,False,b6206daf98e4c6f4f492a7bda619663efe4e43dccb7b69117e422984126a6037
test,pickup,1722929655,0,1,direct_upper,objective_first,True,False,19,0.26,region_transition|region_transition|pickup|task_success,False,b6206daf98e4c6f4f492a7bda619663efe4e43dccb7b69117e422984126a6037
test,pickup,53319217,0,0,direct_upper,objective_first,True,False,21,0.26,region_transition|region_transition|pickup|task_success,False,b6206daf98e4c6f4f492a7bda619663efe4e43dccb7b69117e422984126a6037
test,pickup,1013752876,0,1,direct_upper,objective_first,True,False,19,0.26,region_transition|region_transition|pickup|task_success,False,b6206daf98e4c6f4f492a7bda619663efe4e43dccb7b69117e422984126a6037
test,pickup,1502331513,0,0,direct_upper,objective_first,True,False,23,0.26,region_transition|region_transition|pickup|task_success,False,b6206daf98e4c6f4f492a7bda619663efe4e43dccb7b69117e422984126a6037
test,pickup,1764601667,0,0,direct_lower,objective_first,True,False,21,0.26,region_transition|region_transition|pickup|task_success,False,b6206daf98e4c6f4f492a7bda619663efe4e43dccb7b69117e422984126a6037
test,pickup,1824519567,1,2,flank,objective_first,True,False,21,0.26,region_transition|region_transition|pickup|task_success,False,b6206daf98e4c6f4f492a7bda619663efe4e43dccb7b69117e422984126a6037
test,pickup,656632547,1,2,direct_lower,objective_first,True,False,23,0.26,region_transition|region_transition|pickup|task_success,False,b6206daf98e4c6f4f492a7bda619663efe4e43dccb7b69117e422984126a6037
test,pickup,1062069529,0,1,direct_upper,objective_first,True,False,21,0.26,region_transition|region_transition|pickup|task_success,False,b6206daf98e4c6f4f492a7bda619663efe4e43dccb7b69117e422984126a6037
test,pickup,1151372016,0,1,flank,objective_first,True,False,21,0.26,region_transition|region_transition|pickup|task_success,False,b6206daf98e4c6f4f492a7bda619663efe4e43dccb7b69117e422984126a6037
test,pickup,1972941700,2,1,direct_upper,objective_first,True,False,19,0.26,region_transition|region_transition|pickup|task_success,False,b6206daf98e4c6f4f492a7bda619663efe4e43dccb7b69117e422984126a6037
test,pickup,1487929936,2,1,direct_upper,objective_first,True,False,21,0.26,region_transition|region_transition|pickup|task_success,False,b6206daf98e4c6f4f492a7bda619663efe4e43dccb7b69117e422984126a6037
test,pickup,557022578,1,1,flank,objective_first,True,False,19,0.26,region_transition|region_transition|pickup|task_success,False,b6206daf98e4c6f4f492a7bda619663efe4e43dccb7b69117e422984126a6037
test,pickup,1722437925,2,1,flank,objective_first,True,False,21,0.26,region_transition|region_transition|pickup|task_success,False,b6206daf98e4c6f4f492a7bda619663efe4e43dccb7b69117e422984126a6037
test,pickup,1753201996,0,2,direct_lower,objective_first,True,False,23,0.26,region_transition|region_transition|pickup|task_success,False,b6206daf98e4c6f4f492a7bda619663efe4e43dccb7b69117e422984126a6037
test,pickup,1013312262,1,1,flank,objective_first,True,False,23,0.26,region_transition|region_transition|pickup|task_success,False,b6206daf98e4c6f4f492a7bda619663efe4e43dccb7b69117e422984126a6037
test,pickup,2114987923,2,0,direct_lower,objective_first,True,False,23,0.26,region_transition|region_transition|pickup|task_success,False,b6206daf98e4c6f4f492a7bda619663efe4e43dccb7b69117e422984126a6037
test,pickup,1352679390,0,2,direct_lower,objective_first,True,False,19,0.26,region_transition|region_transition|pickup|task_success,False,b6206daf98e4c6f4f492a7bda619663efe4e43dccb7b69117e422984126a6037
test,pickup,1344046117,0,0,direct_lower,objective_first,True,False,23,0.26,region_transition|region_transition|pickup|task_success,False,b6206daf98e4c6f4f492a7bda619663efe4e43dccb7b69117e422984126a6037
test,pickup,2003024337,1,1,direct_upper,objective_first,True,False,21,0.26,region_transition|region_transition|pickup|task_success,False,b6206daf98e4c6f4f492a7bda619663efe4e43dccb7b69117e422984126a6037
test,pickup,2060187170,0,0,direct_upper,objective_first,True,False,23,0.26,region_transition|region_transition|pickup|task_success,False,b6206daf98e4c6f4f492a7bda619663efe4e43dccb7b69117e422984126a6037
test,pickup,1493833424,2,0,flank,objective_first,True,False,19,0.26,region_transition|region_transition|pickup|task_success,False,b6206daf98e4c6f4f492a7bda619663efe4e43dccb7b69117e422984126a6037
test,pickup,134108056,0,1,direct_upper,objective_first,True,False,23,0.26,region_transition|region_transition|pickup|task_success,False,b6206daf98e4c6f4f492a7bda619663efe4e43dccb7b69117e422984126a6037
test,pickup,1803210675,2,1,flank,objective_first,True,False,23,0.26,region_transition|region_transition|pickup|task_success,False,b6206daf98e4c6f4f492a7bda619663efe4e43dccb7b69117e422984126a6037
test,pickup,1976898960,2,2,direct_lower,objective_first,True,False,23,0.26,region_transition|region_transition|pickup|task_success,False,b6206daf98e4c6f4f492a7bda619663efe4e43dccb7b69117e422984126a6037
test,pickup,766013623,0,2,direct_upper,objective_first,True,False,19,0.26,region_transition|region_transition|pickup|task_success,False,b6206daf98e4c6f4f492a7bda619663efe4e43dccb7b69117e422984126a6037
test,pickup,997603420,2,2,direct_upper,objective_first,True,False,23,0.26,region_transition|region_transition|pickup|task_success,False,b6206daf98e4c6f4f492a7bda619663efe4e43dccb7b69117e422984126a6037
test,pickup,2018443516,1,2,flank,objective_first,True,False,19,0.26,region_transition|region_transition|pickup|task_success,False,b6206daf98e4c6f4f492a7bda619663efe4e43dccb7b69117e422984126a6037
test,pickup,1353252503,1,0,direct_lower,objective_first,True,False,23,0.26,region_transition|region_transition|pickup|task_success,False,b6206daf98e4c6f4f492a7bda619663efe4e43dccb7b69117e422984126a6037
test,pickup,686343816,0,2,direct_upper,objective_first,True,False,21,0.26,region_transition|region_transition|pickup|task_success,False,b6206daf98e4c6f4f492a7bda619663efe4e43dccb7b69117e422984126a6037
test,pickup,1007749127,2,1,direct_upper,objective_first,True,False,19,0.26,region_transition|region_transition|pickup|task_success,False,b6206daf98e4c6f4f492a7bda619663efe4e43dccb7b69117e422984126a6037
test,pickup,798664664,1,2,flank,objective_first,True,False,19,0.26,region_transition|region_transition|pickup|task_success,False,b6206daf98e4c6f4f492a7bda619663efe4e43dccb7b69117e422984126a6037
test,pickup,1998225063,0,1,direct_upper,objective_first,True,False,23,0.26,region_transition|region_transition|pickup|task_success,False,b6206daf98e4c6f4f492a7bda619663efe4e43dccb7b69117e422984126a6037
test,pickup,478611642,2,0,flank,objective_first,True,False,19,0.26,region_transition|region_transition|pickup|task_success,False,b6206daf98e4c6f4f492a7bda619663efe4e43dccb7b69117e422984126a6037
test,pickup,519583356,0,2,direct_upper,objective_first,True,False,23,0.26,region_transition|region_transition|pickup|task_success,False,b6206daf98e4c6f4f492a7bda619663efe4e43dccb7b69117e422984126a6037
test,pickup,1124089208,0,1,direct_lower,objective_first,True,False,23,0.26,region_transition|region_transition|pickup|task_success,False,b6206daf98e4c6f4f492a7bda619663efe4e43dccb7b69117e422984126a6037
test,pickup,847002013,0,0,flank,objective_first,True,False,23,0.26,region_transition|region_transition|pickup|task_success,False,b6206daf98e4c6f4f492a7bda619663efe4e43dccb7b69117e422984126a6037
test,pickup,1882669539,1,2,direct_upper,objective_first,True,False,23,0.26,region_transition|region_transition|pickup|task_success,False,b6206daf98e4c6f4f492a7bda619663efe4e43dccb7b69117e422984126a6037
test,pickup,145715356,1,0,direct_lower,objective_first,True,False,21,0.26,region_transition|region_transition|pickup|task_success,False,b6206daf98e4c6f4f492a7bda619663efe4e43dccb7b69117e422984126a6037
test,pickup,1420177861,1,0,direct_lower,objective_first,True,False,21,0.26,region_transition|region_transition|pickup|task_success,False,b6206daf98e4c6f4f492a7bda619663efe4e43dccb7b69117e422984126a6037
test,pickup,1605819576,2,0,flank,objective_first,True,False,23,0.26,region_transition|region_transition|pickup|task_success,False,b6206daf98e4c6f4f492a7bda619663efe4e43dccb7b69117e422984126a6037
test,pickup,2082475705,0,0,direct_upper,objective_first,True,False,23,0.26,region_transition|region_transition|pickup|task_success,False,b6206daf98e4c6f4f492a7bda619663efe4e43dccb7b69117e422984126a6037
test,pickup,1899559463,1,0,direct_upper,objective_first,True,False,19,0.26,region_transition|region_transition|pickup|task_success,False,b6206daf98e4c6f4f492a7bda619663efe4e43dccb7b69117e422984126a6037
test,pickup,1410110927,0,2,direct_upper,objective_first,True,False,21,0.26,region_transition|region_transition|pickup|task_success,False,b6206daf98e4c6f4f492a7bda619663efe4e43dccb7b69117e422984126a6037
test,pickup,2039715585,1,2,flank,objective_first,True,False,19,0.26,region_transition|region_transition|pickup|task_success,False,b6206daf98e4c6f4f492a7bda619663efe4e43dccb7b69117e422984126a6037
test,pickup,1751659389,1,1,direct_upper,objective_first,True,False,23,0.26,region_transition|region_transition|pickup|task_success,False,b6206daf98e4c6f4f492a7bda619663efe4e43dccb7b69117e422984126a6037
test,pickup,962367983,2,1,flank,objective_first,True,False,19,0.26,region_transition|region_transition|pickup|task_success,False,b6206daf98e4c6f4f492a7bda619663efe4e43dccb7b69117e422984126a6037
test,pickup,355469712,1,2,direct_upper,objective_first,True,False,23,0.26,region_transition|region_transition|pickup|task_success,False,b6206daf98e4c6f4f492a7bda619663efe4e43dccb7b69117e422984126a6037
test,pickup,167570009,0,1,direct_upper,objective_first,True,False,23,0.26,region_transition|region_transition|pickup|task_success,False,b6206daf98e4c6f4f492a7bda619663efe4e43dccb7b69117e422984126a6037
test,pickup,1788653055,0,1,flank,objective_first,True,False,19,0.26,region_transition|region_transition|pickup|task_success,False,b6206daf98e4c6f4f492a7bda619663efe4e43dccb7b69117e422984126a6037
test,pickup,739880655,0,0,flank,objective_first,True,False,21,0.26,region_transition|region_transition|pickup|task_success,False,b6206daf98e4c6f4f492a7bda619663efe4e43dccb7b69117e422984126a6037
test,pickup,1265921992,1,0,flank,objective_first,True,False,23,0.26,region_transition|region_transition|pickup|task_success,False,b6206daf98e4c6f4f492a7bda619663efe4e43dccb7b69117e422984126a6037
test,pickup,1338034314,0,2,direct_lower,objective_first,True,False,19,0.26,region_transition|region_transition|pickup|task_success,False,b6206daf98e4c6f4f492a7bda619663efe4e43dccb7b69117e422984126a6037
test,pickup,863653016,2,0,direct_lower,objective_first,True,False,19,0.26,region_transition|region_transition|pickup|task_success,False,b6206daf98e4c6f4f492a7bda619663efe4e43dccb7b69117e422984126a6037
test,pickup,1909616569,0,2,direct_upper,objective_first,True,False,23,0.26,region_transition|region_transition|pickup|task_success,False,b6206daf98e4c6f4f492a7bda619663efe4e43dccb7b69117e422984126a6037
test,pickup,526264599,0,1,direct_upper,objective_first,True,False,21,0.26,region_transition|region_transition|pickup|task_success,False,b6206daf98e4c6f4f492a7bda619663efe4e43dccb7b69117e422984126a6037
test,pickup,69821356,2,2,flank,objective_first,True,False,21,0.26,region_transition|region_transition|pickup|task_success,False,b6206daf98e4c6f4f492a7bda619663efe4e43dccb7b69117e422984126a6037
test,pickup,1422109480,0,0,flank,objective_first,True,False,23,0.26,region_transition|region_transition|pickup|task_success,False,b6206daf98e4c6f4f492a7bda619663efe4e43dccb7b69117e422984126a6037
test,pickup,1844748971,0,0,direct_lower,objective_first,True,False,21,0.26,region_transition|region_transition|pickup|task_success,False,b6206daf98e4c6f4f492a7bda619663efe4e43dccb7b69117e422984126a6037
test,pickup,1300430399,1,1,flank,objective_first,True,False,19,0.26,region_transition|region_transition|pickup|task_success,False,b6206daf98e4c6f4f492a7bda619663efe4e43dccb7b69117e422984126a6037
test,pickup,2087919030,0,2,direct_upper,objective_first,True,False,23,0.26,region_transition|region_transition|pickup|task_success,False,b6206daf98e4c6f4f492a7bda619663efe4e43dccb7b69117e422984126a6037
test,pickup,1207202036,0,0,direct_upper,objective_first,True,False,21,0.26,region_transition|region_transition|pickup|task_success,False,b6206daf98e4c6f4f492a7bda619663efe4e43dccb7b69117e422984126a6037
test,pickup,1878020309,0,0,direct_lower,objective_first,True,False,19,0.26,region_transition|region_transition|pickup|task_success,False,b6206daf98e4c6f4f492a7bda619663efe4e43dccb7b69117e422984126a6037
test,pickup,959673410,0,1,direct_lower,objective_first,True,False,23,0.26,region_transition|region_transition|pickup|task_success,False,b6206daf98e4c6f4f492a7bda619663efe4e43dccb7b69117e422984126a6037
test,pickup,1613813479,0,2,direct_lower,objective_first,True,False,19,0.26,region_transition|region_transition|pickup|task_success,False,b6206daf98e4c6f4f492a7bda619663efe4e43dccb7b69117e422984126a6037
test,pickup,137564175,2,2,direct_upper,objective_first,True,False,23,0.26,region_transition|region_transition|pickup|task_success,False,b6206daf98e4c6f4f492a7bda619663efe4e43dccb7b69117e422984126a6037
test,pickup,1758305347,2,2,direct_upper,objective_first,True,False,19,0.26,region_transition|region_transition|pickup|task_success,False,b6206daf98e4c6f4f492a7bda619663efe4e43dccb7b69117e422984126a6037
test,pickup,422916199,0,0,direct_upper,objective_first,True,False,19,0.26,region_transition|region_transition|pickup|task_success,False,b6206daf98e4c6f4f492a7bda619663efe4e43dccb7b69117e422984126a6037
test,pickup,1338185605,0,1,direct_upper,objective_first,True,False,21,0.26,region_transition|region_transition|pickup|task_success,False,b6206daf98e4c6f4f492a7bda619663efe4e43dccb7b69117e422984126a6037
test,pickup,975438544,2,2,flank,objective_first,True,False,21,0.26,region_transition|region_transition|pickup|task_success,False,b6206daf98e4c6f4f492a7bda619663efe4e43dccb7b69117e422984126a6037
test,pickup,1790141879,0,1,direct_lower,objective_first,True,False,19,0.26,region_transition|region_transition|pickup|task_success,False,b6206daf98e4c6f4f492a7bda619663efe4e43dccb7b69117e422984126a6037
test,pickup,1735750026,1,1,flank,objective_first,True,False,23,0.26,region_transition|region_transition|pickup|task_success,False,b6206daf98e4c6f4f492a7bda619663efe4e43dccb7b69117e422984126a6037
test,pickup,1963763070,0,2,direct_lower,objective_first,True,False,21,0.26,region_transition|region_transition|pickup|task_success,False,b6206daf98e4c6f4f492a7bda619663efe4e43dccb7b69117e422984126a6037
test,pickup,2136719403,2,1,direct_lower,objective_first,True,False,23,0.26,region_transition|region_transition|pickup|task_success,False,b6206daf98e4c6f4f492a7bda619663efe4e43dccb7b69117e422984126a6037
test,pickup,1782941838,1,0,direct_upper,objective_first,True,False,21,0.26,region_transition|region_transition|pickup|task_success,False,b6206daf98e4c6f4f492a7bda619663efe4e43dccb7b69117e422984126a6037
test,pickup,793233089,1,0,direct_upper,objective_first,True,False,19,0.26,region_transition|region_transition|pickup|task_success,False,b6206daf98e4c6f4f492a7bda619663efe4e43dccb7b69117e422984126a6037
test,pickup,1796364105,0,1,direct_upper,objective_first,True,False,21,0.26,region_transition|region_transition|pickup|task_success,False,b6206daf98e4c6f4f492a7bda619663efe4e43dccb7b69117e422984126a6037
test,pickup,16205518,0,2,direct_upper,objective_first,True,False,23,0.26,region_transition|region_transition|pickup|task_success,False,b6206daf98e4c6f4f492a7bda619663efe4e43dccb7b69117e422984126a6037
test,pickup,1753814768,0,0,direct_lower,objective_first,True,False,21,0.26,region_transition|region_transition|pickup|task_success,False,b6206daf98e4c6f4f492a7bda619663efe4e43dccb7b69117e422984126a6037
test,pickup,1372986217,1,1,direct_lower,objective_first,True,False,21,0.26,region_transition|region_transition|pickup|task_success,False,b6206daf98e4c6f4f492a7bda619663efe4e43dccb7b69117e422984126a6037
test,pickup,2076252862,1,1,direct_upper,objective_first,True,False,21,0.26,region_transition|region_transition|pickup|task_success,False,b6206daf98e4c6f4f492a7bda619663efe4e43dccb7b69117e422984126a6037
test,pickup,5711341,1,2,flank,objective_first,True,False,19,0.26,region_transition|region_transition|pickup|task_success,False,b6206daf98e4c6f4f492a7bda619663efe4e43dccb7b69117e422984126a6037
test,pickup,1165363479,2,1,flank,objective_first,True,False,21,0.26,region_transition|region_transition|pickup|task_success,False,b6206daf98e4c6f4f492a7bda619663efe4e43dccb7b69117e422984126a6037
test,pickup,1915694248,2,1,flank,objective_first,True,False,23,0.26,region_transition|region_transition|pickup|task_success,False,b6206daf98e4c6f4f492a7bda619663efe4e43dccb7b69117e422984126a6037
test,pickup,1615396081,0,0,direct_lower,objective_first,True,False,21,0.26,region_transition|region_transition|pickup|task_success,False,b6206daf98e4c6f4f492a7bda619663efe4e43dccb7b69117e422984126a6037
test,pickup,148126550,0,1,flank,objective_first,True,False,19,0.26,region_transition|region_transition|pickup|task_success,False,b6206daf98e4c6f4f492a7bda619663efe4e43dccb7b69117e422984126a6037
test,pickup,1235024977,0,1,flank,objective_first,True,False,23,0.26,region_transition|region_transition|pickup|task_success,False,b6206daf98e4c6f4f492a7bda619663efe4e43dccb7b69117e422984126a6037
test,pickup,644029287,0,1,direct_lower,objective_first,True,False,23,0.26,region_transition|region_transition|pickup|task_success,False,b6206daf98e4c6f4f492a7bda619663efe4e43dccb7b69117e422984126a6037
test,pickup,465097487,2,0,direct_lower,objective_first,True,False,19,0.26,region_transition|region_transition|pickup|task_success,False,b6206daf98e4c6f4f492a7bda619663efe4e43dccb7b69117e422984126a6037
test,pickup,1794628562,2,2,flank,objective_first,True,False,19,0.26,region_transition|region_transition|pickup|task_success,False,b6206daf98e4c6f4f492a7bda619663efe4e43dccb7b69117e422984126a6037
test,pickup,750167428,2,0,flank,objective_first,True,False,19,0.26,region_transition|region_transition|pickup|task_success,False,b6206daf98e4c6f4f492a7bda619663efe4e43dccb7b69117e422984126a6037
test,pickup,27076688,0,2,direct_lower,objective_first,True,False,23,0.26,region_transition|region_transition|pickup|task_success,False,b6206daf98e4c6f4f492a7bda619663efe4e43dccb7b69117e422984126a6037
test,pickup,1858041157,2,1,direct_lower,objective_first,True,False,21,0.26,region_transition|region_transition|pickup|task_success,False,b6206daf98e4c6f4f492a7bda619663efe4e43dccb7b69117e422984126a6037
test,return,1694810086,2,2,direct_upper,evasive_return,True,False,89,1.02,region_transition|region_transition|region_transition|score|task_success|region_transition,False,b6206daf98e4c6f4f492a7bda619663efe4e43dccb7b69117e422984126a6037
test,return,396646618,2,0,direct_upper,evasive_return,True,False,89,1.02,region_transition|region_transition|region_transition|score|task_success|region_transition,False,b6206daf98e4c6f4f492a7bda619663efe4e43dccb7b69117e422984126a6037
test,return,299840785,1,0,direct_upper,evasive_return,True,False,89,1.02,region_transition|region_transition|region_transition|score|task_success|region_transition,False,b6206daf98e4c6f4f492a7bda619663efe4e43dccb7b69117e422984126a6037
test,return,1208498734,0,1,flank,evasive_return,True,False,92,1.02,region_transition|region_transition|score|task_success|region_transition,False,b6206daf98e4c6f4f492a7bda619663efe4e43dccb7b69117e422984126a6037
test,return,205243925,2,1,flank,evasive_return,True,False,120,1.03,region_transition|region_transition|region_transition|region_transition|region_transition|score|task_success|region_transition,False,b6206daf98e4c6f4f492a7bda619663efe4e43dccb7b69117e422984126a6037
test,return,1280280882,2,0,direct_upper,evasive_return,True,False,89,1.02,region_transition|region_transition|region_transition|score|task_success|region_transition,False,b6206daf98e4c6f4f492a7bda619663efe4e43dccb7b69117e422984126a6037
test,return,1502424239,0,1,direct_upper,evasive_return,True,False,120,1.03,region_transition|region_transition|region_transition|region_transition|region_transition|score|task_success|region_transition,False,b6206daf98e4c6f4f492a7bda619663efe4e43dccb7b69117e422984126a6037
test,return,2028686386,2,0,direct_upper,evasive_return,True,False,92,1.02,region_transition|region_transition|score|task_success|region_transition,False,b6206daf98e4c6f4f492a7bda619663efe4e43dccb7b69117e422984126a6037
test,return,830985047,2,2,direct_lower,evasive_return,True,False,89,1.02,region_transition|region_transition|region_transition|score|task_success|region_transition,False,b6206daf98e4c6f4f492a7bda619663efe4e43dccb7b69117e422984126a6037
test,return,1024262055,0,2,flank,evasive_return,True,False,120,1.03,region_transition|region_transition|region_transition|region_transition|region_transition|score|task_success|region_transition,False,b6206daf98e4c6f4f492a7bda619663efe4e43dccb7b69117e422984126a6037
test,return,277040017,1,2,direct_lower,evasive_return,True,False,120,1.03,region_transition|region_transition|region_transition|region_transition|region_transition|score|task_success|region_transition,False,b6206daf98e4c6f4f492a7bda619663efe4e43dccb7b69117e422984126a6037
test,return,856962380,0,0,direct_lower,evasive_return,True,False,89,1.02,region_transition|region_transition|region_transition|score|task_success|region_transition,False,b6206daf98e4c6f4f492a7bda619663efe4e43dccb7b69117e422984126a6037
test,return,1083005268,2,1,direct_upper,evasive_return,True,False,92,1.02,region_transition|region_transition|score|task_success|region_transition,False,b6206daf98e4c6f4f492a7bda619663efe4e43dccb7b69117e422984126a6037
test,return,756789669,1,2,direct_lower,evasive_return,True,False,89,1.02,region_transition|region_transition|region_transition|score|task_success|region_transition,False,b6206daf98e4c6f4f492a7bda619663efe4e43dccb7b69117e422984126a6037
test,return,1862009321,2,1,flank,evasive_return,True,False,120,1.03,region_transition|region_transition|region_transition|region_transition|region_transition|score|task_success|region_transition,False,b6206daf98e4c6f4f492a7bda619663efe4e43dccb7b69117e422984126a6037
test,return,812404503,2,2,flank,evasive_return,True,False,120,1.03,region_transition|region_transition|region_transition|region_transition|region_transition|score|task_success|region_transition,False,b6206daf98e4c6f4f492a7bda619663efe4e43dccb7b69117e422984126a6037
test,return,1713515688,0,0,direct_upper,evasive_return,True,False,92,1.02,region_transition|region_transition|score|task_success|region_transition,False,b6206daf98e4c6f4f492a7bda619663efe4e43dccb7b69117e422984126a6037
test,return,846131670,0,1,direct_lower,evasive_return,True,False,92,1.02,region_transition|region_transition|score|task_success|region_transition,False,b6206daf98e4c6f4f492a7bda619663efe4e43dccb7b69117e422984126a6037
test,return,186174028,0,1,direct_upper,evasive_return,True,False,89,1.02,region_transition|region_transition|region_transition|score|task_success|region_transition,False,b6206daf98e4c6f4f492a7bda619663efe4e43dccb7b69117e422984126a6037
test,return,2102410310,1,0,direct_upper,evasive_return,True,False,89,1.02,region_transition|region_transition|region_transition|score|task_success|region_transition,False,b6206daf98e4c6f4f492a7bda619663efe4e43dccb7b69117e422984126a6037
test,return,1517717674,0,0,direct_upper,evasive_return,True,False,89,1.02,region_transition|region_transition|region_transition|score|task_success|region_transition,False,b6206daf98e4c6f4f492a7bda619663efe4e43dccb7b69117e422984126a6037
test,return,1729819090,0,0,flank,evasive_return,True,False,92,1.02,region_transition|region_transition|score|task_success|region_transition,False,b6206daf98e4c6f4f492a7bda619663efe4e43dccb7b69117e422984126a6037
test,return,241980784,1,2,flank,evasive_return,True,False,92,1.02,region_transition|region_transition|score|task_success|region_transition,False,b6206daf98e4c6f4f492a7bda619663efe4e43dccb7b69117e422984126a6037
test,return,258736597,1,0,direct_lower,evasive_return,True,False,120,1.03,region_transition|region_transition|region_transition|region_transition|region_transition|score|task_success|region_transition,False,b6206daf98e4c6f4f492a7bda619663efe4e43dccb7b69117e422984126a6037
test,return,206601492,2,0,flank,evasive_return,True,False,92,1.02,region_transition|region_transition|score|task_success|region_transition,False,b6206daf98e4c6f4f492a7bda619663efe4e43dccb7b69117e422984126a6037
test,return,607923269,2,2,direct_upper,evasive_return,True,False,92,1.02,region_transition|region_transition|score|task_success|region_transition,False,b6206daf98e4c6f4f492a7bda619663efe4e43dccb7b69117e422984126a6037
test,return,1807645982,1,2,flank,evasive_return,True,False,89,1.02,region_transition|region_transition|region_transition|score|task_success|region_transition,False,b6206daf98e4c6f4f492a7bda619663efe4e43dccb7b69117e422984126a6037
test,return,247383235,0,0,flank,evasive_return,True,False,120,1.03,region_transition|region_transition|region_transition|region_transition|region_transition|score|task_success|region_transition,False,b6206daf98e4c6f4f492a7bda619663efe4e43dccb7b69117e422984126a6037
test,return,1808856036,1,0,direct_lower,evasive_return,True,False,120,1.03,region_transition|region_transition|region_transition|region_transition|region_transition|score|task_success|region_transition,False,b6206daf98e4c6f4f492a7bda619663efe4e43dccb7b69117e422984126a6037
test,return,1197670061,0,0,direct_lower,evasive_return,True,False,120,1.03,region_transition|region_transition|region_transition|region_transition|region_transition|score|task_success|region_transition,False,b6206daf98e4c6f4f492a7bda619663efe4e43dccb7b69117e422984126a6037
test,return,1316198835,1,0,flank,evasive_return,True,False,89,1.02,region_transition|region_transition|region_transition|score|task_success|region_transition,False,b6206daf98e4c6f4f492a7bda619663efe4e43dccb7b69117e422984126a6037
test,return,253637879,1,0,direct_lower,evasive_return,True,False,92,1.02,region_transition|region_transition|score|task_success|region_transition,False,b6206daf98e4c6f4f492a7bda619663efe4e43dccb7b69117e422984126a6037
test,return,1729898928,0,0,flank,evasive_return,True,False,92,1.02,region_transition|region_transition|score|task_success|region_transition,False,b6206daf98e4c6f4f492a7bda619663efe4e43dccb7b69117e422984126a6037
test,return,55548590,1,2,flank,evasive_return,True,False,92,1.02,region_transition|region_transition|score|task_success|region_transition,False,b6206daf98e4c6f4f492a7bda619663efe4e43dccb7b69117e422984126a6037
test,return,1078213777,2,1,direct_upper,evasive_return,True,False,120,1.03,region_transition|region_transition|region_transition|region_transition|region_transition|score|task_success|region_transition,False,b6206daf98e4c6f4f492a7bda619663efe4e43dccb7b69117e422984126a6037
test,return,544452469,1,0,flank,evasive_return,True,False,120,1.03,region_transition|region_transition|region_transition|region_transition|region_transition|score|task_success|region_transition,False,b6206daf98e4c6f4f492a7bda619663efe4e43dccb7b69117e422984126a6037
test,return,170455982,2,2,flank,evasive_return,True,False,120,1.03,region_transition|region_transition|region_transition|region_transition|region_transition|score|task_success|region_transition,False,b6206daf98e4c6f4f492a7bda619663efe4e43dccb7b69117e422984126a6037
test,return,1823417049,0,1,direct_lower,evasive_return,True,False,89,1.02,region_transition|region_transition|region_transition|score|task_success|region_transition,False,b6206daf98e4c6f4f492a7bda619663efe4e43dccb7b69117e422984126a6037
test,return,73580184,0,2,direct_lower,evasive_return,True,False,89,1.02,region_transition|region_transition|region_transition|score|task_success|region_transition,False,b6206daf98e4c6f4f492a7bda619663efe4e43dccb7b69117e422984126a6037
test,return,1949620551,0,2,flank,evasive_return,True,False,92,1.02,region_transition|region_transition|score|task_success|region_transition,False,b6206daf98e4c6f4f492a7bda619663efe4e43dccb7b69117e422984126a6037
test,return,656416346,1,1,direct_upper,evasive_return,True,False,120,1.03,region_transition|region_transition|region_transition|region_transition|region_transition|score|task_success|region_transition,False,b6206daf98e4c6f4f492a7bda619663efe4e43dccb7b69117e422984126a6037
test,return,504209617,0,2,direct_lower,evasive_return,True,False,92,1.02,region_transition|region_transition|score|task_success|region_transition,False,b6206daf98e4c6f4f492a7bda619663efe4e43dccb7b69117e422984126a6037
test,return,25298664,2,1,direct_lower,evasive_return,True,False,120,1.03,region_transition|region_transition|region_transition|region_transition|region_transition|score|task_success|region_transition,False,b6206daf98e4c6f4f492a7bda619663efe4e43dccb7b69117e422984126a6037
test,return,1383251672,2,1,flank,evasive_return,True,False,92,1.02,region_transition|region_transition|score|task_success|region_transition,False,b6206daf98e4c6f4f492a7bda619663efe4e43dccb7b69117e422984126a6037
test,return,491469771,1,1,direct_lower,evasive_return,True,False,120,1.03,region_transition|region_transition|region_transition|region_transition|region_transition|score|task_success|region_transition,False,b6206daf98e4c6f4f492a7bda619663efe4e43dccb7b69117e422984126a6037
test,return,919154838,0,0,flank,evasive_return,True,False,89,1.02,region_transition|region_transition|region_transition|score|task_success|region_transition,False,b6206daf98e4c6f4f492a7bda619663efe4e43dccb7b69117e422984126a6037
test,return,1925624731,1,1,direct_upper,evasive_return,True,False,92,1.02,region_transition|region_transition|score|task_success|region_transition,False,b6206daf98e4c6f4f492a7bda619663efe4e43dccb7b69117e422984126a6037
test,return,566989829,1,2,direct_upper,evasive_return,True,False,89,1.02,region_transition|region_transition|region_transition|score|task_success|region_transition,False,b6206daf98e4c6f4f492a7bda619663efe4e43dccb7b69117e422984126a6037
test,return,522338097,2,1,direct_upper,evasive_return,True,False,89,1.02,region_transition|region_transition|region_transition|score|task_success|region_transition,False,b6206daf98e4c6f4f492a7bda619663efe4e43dccb7b69117e422984126a6037
test,return,1313191714,1,1,direct_upper,evasive_return,True,False,92,1.02,region_transition|region_transition|score|task_success|region_transition,False,b6206daf98e4c6f4f492a7bda619663efe4e43dccb7b69117e422984126a6037
test,return,1208737971,2,2,direct_upper,evasive_return,True,False,120,1.03,region_transition|region_transition|region_transition|region_transition|region_transition|score|task_success|region_transition,False,b6206daf98e4c6f4f492a7bda619663efe4e43dccb7b69117e422984126a6037
test,return,1262191745,0,0,flank,evasive_return,True,False,89,1.02,region_transition|region_transition|region_transition|score|task_success|region_transition,False,b6206daf98e4c6f4f492a7bda619663efe4e43dccb7b69117e422984126a6037
test,return,1206265557,1,0,direct_lower,evasive_return,True,False,89,1.02,region_transition|region_transition|region_transition|score|task_success|region_transition,False,b6206daf98e4c6f4f492a7bda619663efe4e43dccb7b69117e422984126a6037
test,return,1292171841,1,0,flank,evasive_return,True,False,92,1.02,region_transition|region_transition|score|task_success|region_transition,False,b6206daf98e4c6f4f492a7bda619663efe4e43dccb7b69117e422984126a6037
test,return,1956003898,1,1,direct_upper,evasive_return,True,False,89,1.02,region_transition|region_transition|region_transition|score|task_success|region_transition,False,b6206daf98e4c6f4f492a7bda619663efe4e43dccb7b69117e422984126a6037
test,return,284697387,2,2,direct_upper,evasive_return,True,False,120,1.03,region_transition|region_transition|region_transition|region_transition|region_transition|score|task_success|region_transition,False,b6206daf98e4c6f4f492a7bda619663efe4e43dccb7b69117e422984126a6037
test,return,647902562,0,1,direct_upper,evasive_return,True,False,89,1.02,region_transition|region_transition|region_transition|score|task_success|region_transition,False,b6206daf98e4c6f4f492a7bda619663efe4e43dccb7b69117e422984126a6037
test,return,1041415988,1,2,direct_upper,evasive_return,True,False,120,1.03,region_transition|region_transition|region_transition|region_transition|region_transition|score|task_success|region_transition,False,b6206daf98e4c6f4f492a7bda619663efe4e43dccb7b69117e422984126a6037
test,return,957614431,2,1,direct_upper,evasive_return,True,False,92,1.02,region_transition|region_transition|score|task_success|region_transition,False,b6206daf98e4c6f4f492a7bda619663efe4e43dccb7b69117e422984126a6037
test,return,870718229,0,2,direct_upper,evasive_return,True,False,89,1.02,region_transition|region_transition|region_transition|score|task_success|region_transition,False,b6206daf98e4c6f4f492a7bda619663efe4e43dccb7b69117e422984126a6037
test,return,292851395,2,1,direct_lower,evasive_return,True,False,89,1.02,region_transition|region_transition|region_transition|score|task_success|region_transition,False,b6206daf98e4c6f4f492a7bda619663efe4e43dccb7b69117e422984126a6037
test,return,2078946615,0,0,direct_lower,evasive_return,True,False,120,1.03,region_transition|region_transition|region_transition|region_transition|region_transition|score|task_success|region_transition,False,b6206daf98e4c6f4f492a7bda619663efe4e43dccb7b69117e422984126a6037
test,return,1909481170,1,2,direct_upper,evasive_return,True,False,120,1.03,region_transition|region_transition|region_transition|region_transition|region_transition|score|task_success|region_transition,False,b6206daf98e4c6f4f492a7bda619663efe4e43dccb7b69117e422984126a6037
test,return,444641468,0,1,flank,evasive_return,True,False,92,1.02,region_transition|region_transition|score|task_success|region_transition,False,b6206daf98e4c6f4f492a7bda619663efe4e43dccb7b69117e422984126a6037
test,return,2025870350,0,0,direct_upper,evasive_return,True,False,120,1.03,region_transition|region_transition|region_transition|region_transition|region_transition|score|task_success|region_transition,False,b6206daf98e4c6f4f492a7bda619663efe4e43dccb7b69117e422984126a6037
test,return,1804442571,0,0,direct_lower,evasive_return,True,False,120,1.03,region_transition|region_transition|region_transition|region_transition|region_transition|score|task_success|region_transition,False,b6206daf98e4c6f4f492a7bda619663efe4e43dccb7b69117e422984126a6037
test,return,2059602289,2,2,flank,evasive_return,True,False,120,1.03,region_transition|region_transition|region_transition|region_transition|region_transition|score|task_success|region_transition,False,b6206daf98e4c6f4f492a7bda619663efe4e43dccb7b69117e422984126a6037
test,return,545666794,1,1,direct_upper,evasive_return,True,False,120,1.03,region_transition|region_transition|region_transition|region_transition|region_transition|score|task_success|region_transition,False,b6206daf98e4c6f4f492a7bda619663efe4e43dccb7b69117e422984126a6037
test,return,1354779857,1,2,direct_upper,evasive_return,True,False,120,1.03,region_transition|region_transition|region_transition|region_transition|region_transition|score|task_success|region_transition,False,b6206daf98e4c6f4f492a7bda619663efe4e43dccb7b69117e422984126a6037
test,return,633620532,0,1,direct_lower,evasive_return,True,False,89,1.02,region_transition|region_transition|region_transition|score|task_success|region_transition,False,b6206daf98e4c6f4f492a7bda619663efe4e43dccb7b69117e422984126a6037
test,return,818205763,2,0,direct_lower,evasive_return,True,False,89,1.02,region_transition|region_transition|region_transition|score|task_success|region_transition,False,b6206daf98e4c6f4f492a7bda619663efe4e43dccb7b69117e422984126a6037
test,return,1468940023,1,1,direct_upper,evasive_return,True,False,89,1.02,region_transition|region_transition|region_transition|score|task_success|region_transition,False,b6206daf98e4c6f4f492a7bda619663efe4e43dccb7b69117e422984126a6037
test,return,818318724,0,0,flank,evasive_return,True,False,92,1.02,region_transition|region_transition|score|task_success|region_transition,False,b6206daf98e4c6f4f492a7bda619663efe4e43dccb7b69117e422984126a6037
test,return,866814440,2,2,direct_lower,evasive_return,True,False,92,1.02,region_transition|region_transition|score|task_success|region_transition,False,b6206daf98e4c6f4f492a7bda619663efe4e43dccb7b69117e422984126a6037
test,return,1726172589,2,0,direct_lower,evasive_return,True,False,89,1.02,region_transition|region_transition|region_transition|score|task_success|region_transition,False,b6206daf98e4c6f4f492a7bda619663efe4e43dccb7b69117e422984126a6037
test,return,107550858,1,1,direct_upper,evasive_return,True,False,92,1.02,region_transition|region_transition|score|task_success|region_transition,False,b6206daf98e4c6f4f492a7bda619663efe4e43dccb7b69117e422984126a6037
test,return,233396837,0,2,flank,evasive_return,True,False,120,1.03,region_transition|region_transition|region_transition|region_transition|region_transition|score|task_success|region_transition,False,b6206daf98e4c6f4f492a7bda619663efe4e43dccb7b69117e422984126a6037
test,return,318906043,1,2,direct_upper,evasive_return,True,False,120,1.03,region_transition|region_transition|region_transition|region_transition|region_transition|score|task_success|region_transition,False,b6206daf98e4c6f4f492a7bda619663efe4e43dccb7b69117e422984126a6037
test,return,2039261624,1,0,flank,evasive_return,True,False,89,1.02,region_transition|region_transition|region_transition|score|task_success|region_transition,False,b6206daf98e4c6f4f492a7bda619663efe4e43dccb7b69117e422984126a6037
test,return,2014117665,2,1,direct_lower,evasive_return,True,False,89,1.02,region_transition|region_transition|region_transition|score|task_success|region_transition,False,b6206daf98e4c6f4f492a7bda619663efe4e43dccb7b69117e422984126a6037
test,return,635996713,0,2,direct_lower,evasive_return,True,False,120,1.03,region_transition|region_transition|region_transition|region_transition|region_transition|score|task_success|region_transition,False,b6206daf98e4c6f4f492a7bda619663efe4e43dccb7b69117e422984126a6037
test,return,677074989,0,2,flank,evasive_return,True,False,92,1.02,region_transition|region_transition|score|task_success|region_transition,False,b6206daf98e4c6f4f492a7bda619663efe4e43dccb7b69117e422984126a6037
test,return,550079780,1,1,direct_upper,evasive_return,True,False,120,1.03,region_transition|region_transition|region_transition|region_transition|region_transition|score|task_success|region_transition,False,b6206daf98e4c6f4f492a7bda619663efe4e43dccb7b69117e422984126a6037
test,return,75202730,1,0,direct_lower,evasive_return,True,False,89,1.02,region_transition|region_transition|region_transition|score|task_success|region_transition,False,b6206daf98e4c6f4f492a7bda619663efe4e43dccb7b69117e422984126a6037
test,return,950383818,2,0,direct_upper,evasive_return,True,False,89,1.02,region_transition|region_transition|region_transition|score|task_success|region_transition,False,b6206daf98e4c6f4f492a7bda619663efe4e43dccb7b69117e422984126a6037
test,return,1369440017,1,2,direct_lower,evasive_return,True,False,89,1.02,region_transition|region_transition|region_transition|score|task_success|region_transition,False,b6206daf98e4c6f4f492a7bda619663efe4e43dccb7b69117e422984126a6037
test,return,422164510,2,0,direct_upper,evasive_return,True,False,120,1.03,region_transition|region_transition|region_transition|region_transition|region_transition|score|task_success|region_transition,False,b6206daf98e4c6f4f492a7bda619663efe4e43dccb7b69117e422984126a6037
test,return,670463961,0,2,flank,evasive_return,True,False,120,1.03,region_transition|region_transition|region_transition|region_transition|region_transition|score|task_success|region_transition,False,b6206daf98e4c6f4f492a7bda619663efe4e43dccb7b69117e422984126a6037
test,return,144799414,2,2,direct_lower,evasive_return,True,False,92,1.02,region_transition|region_transition|score|task_success|region_transition,False,b6206daf98e4c6f4f492a7bda619663efe4e43dccb7b69117e422984126a6037
test,return,1720383000,2,1,direct_upper,evasive_return,True,False,92,1.02,region_transition|region_transition|score|task_success|region_transition,False,b6206daf98e4c6f4f492a7bda619663efe4e43dccb7b69117e422984126a6037
test,return,596914046,1,1,direct_upper,evasive_return,True,False,89,1.02,region_transition|region_transition|region_transition|score|task_success|region_transition,False,b6206daf98e4c6f4f492a7bda619663efe4e43dccb7b69117e422984126a6037
test,return,1777563669,2,2,direct_upper,evasive_return,True,False,89,1.02,region_transition|region_transition|region_transition|score|task_success|region_transition,False,b6206daf98e4c6f4f492a7bda619663efe4e43dccb7b69117e422984126a6037
test,return,991625450,0,0,direct_lower,evasive_return,True,False,120,1.03,region_transition|region_transition|region_transition|region_transition|region_transition|score|task_success|region_transition,False,b6206daf98e4c6f4f492a7bda619663efe4e43dccb7b69117e422984126a6037
test,return,645760538,0,0,direct_upper,evasive_return,True,False,92,1.02,region_transition|region_transition|score|task_success|region_transition,False,b6206daf98e4c6f4f492a7bda619663efe4e43dccb7b69117e422984126a6037
test,return,1640864216,0,0,direct_upper,evasive_return,True,False,120,1.03,region_transition|region_transition|region_transition|region_transition|region_transition|score|task_success|region_transition,False,b6206daf98e4c6f4f492a7bda619663efe4e43dccb7b69117e422984126a6037
test,return,230876829,1,0,flank,evasive_return,True,False,120,1.03,region_transition|region_transition|region_transition|region_transition|region_transition|score|task_success|region_transition,False,b6206daf98e4c6f4f492a7bda619663efe4e43dccb7b69117e422984126a6037
test,return,1348817243,1,0,direct_lower,evasive_return,True,False,92,1.02,region_transition|region_transition|score|task_success|region_transition,False,b6206daf98e4c6f4f492a7bda619663efe4e43dccb7b69117e422984126a6037
test,return,678434533,0,1,direct_upper,evasive_return,True,False,89,1.02,region_transition|region_transition|region_transition|score|task_success|region_transition,False,b6206daf98e4c6f4f492a7bda619663efe4e43dccb7b69117e422984126a6037
test,return,1376324051,1,2,direct_upper,evasive_return,True,False,89,1.02,region_transition|region_transition|region_transition|score|task_success|region_transition,False,b6206daf98e4c6f4f492a7bda619663efe4e43dccb7b69117e422984126a6037
test,return,1149741763,2,2,direct_lower,evasive_return,True,False,120,1.03,region_transition|region_transition|region_transition|region_transition|region_transition|score|task_success|region_transition,False,b6206daf98e4c6f4f492a7bda619663efe4e43dccb7b69117e422984126a6037
test,static_hit,1371259358,1,1,direct_lower,aggressive_script,True,False,3,0.05,valid_hit|task_success,False,b6206daf98e4c6f4f492a7bda619663efe4e43dccb7b69117e422984126a6037
test,static_hit,1679713065,0,2,flank,aggressive_script,True,False,3,0.05,valid_hit|task_success,False,b6206daf98e4c6f4f492a7bda619663efe4e43dccb7b69117e422984126a6037
test,static_hit,72494380,1,1,direct_lower,aggressive_script,True,False,3,0.05,valid_hit|task_success,False,b6206daf98e4c6f4f492a7bda619663efe4e43dccb7b69117e422984126a6037
test,static_hit,894991178,1,0,flank,aggressive_script,True,False,3,0.05,valid_hit|task_success,False,b6206daf98e4c6f4f492a7bda619663efe4e43dccb7b69117e422984126a6037
test,static_hit,329652411,2,2,direct_upper,aggressive_script,True,False,3,0.05,valid_hit|task_success,False,b6206daf98e4c6f4f492a7bda619663efe4e43dccb7b69117e422984126a6037
test,static_hit,680289418,1,1,direct_lower,aggressive_script,True,False,3,0.05,valid_hit|task_success,False,b6206daf98e4c6f4f492a7bda619663efe4e43dccb7b69117e422984126a6037
test,static_hit,1108495394,2,2,direct_lower,aggressive_script,True,False,3,0.05,valid_hit|task_success,False,b6206daf98e4c6f4f492a7bda619663efe4e43dccb7b69117e422984126a6037
test,static_hit,191802079,1,2,flank,aggressive_script,True,False,3,0.05,valid_hit|task_success,False,b6206daf98e4c6f4f492a7bda619663efe4e43dccb7b69117e422984126a6037
test,static_hit,383426270,0,2,direct_lower,aggressive_script,True,False,3,0.05,valid_hit|task_success,False,b6206daf98e4c6f4f492a7bda619663efe4e43dccb7b69117e422984126a6037
test,static_hit,1340329156,1,2,direct_upper,aggressive_script,True,False,3,0.05,valid_hit|task_success,False,b6206daf98e4c6f4f492a7bda619663efe4e43dccb7b69117e422984126a6037
test,static_hit,542844309,2,0,direct_upper,aggressive_script,True,False,3,0.05,valid_hit|task_success,False,b6206daf98e4c6f4f492a7bda619663efe4e43dccb7b69117e422984126a6037
test,static_hit,97511286,2,2,direct_lower,aggressive_script,True,False,3,0.05,valid_hit|task_success,False,b6206daf98e4c6f4f492a7bda619663efe4e43dccb7b69117e422984126a6037
test,static_hit,1056110170,1,1,direct_upper,aggressive_script,True,False,3,0.05,valid_hit|task_success,False,b6206daf98e4c6f4f492a7bda619663efe4e43dccb7b69117e422984126a6037
test,static_hit,1872285659,1,0,direct_upper,aggressive_script,True,False,3,0.05,valid_hit|task_success,False,b6206daf98e4c6f4f492a7bda619663efe4e43dccb7b69117e422984126a6037
test,static_hit,2062949047,2,1,flank,aggressive_script,True,False,3,0.05,valid_hit|task_success,False,b6206daf98e4c6f4f492a7bda619663efe4e43dccb7b69117e422984126a6037
test,static_hit,1846545882,0,1,flank,aggressive_script,True,False,3,0.05,valid_hit|task_success,False,b6206daf98e4c6f4f492a7bda619663efe4e43dccb7b69117e422984126a6037
test,static_hit,1779556880,1,0,direct_lower,aggressive_script,True,False,3,0.05,valid_hit|task_success,False,b6206daf98e4c6f4f492a7bda619663efe4e43dccb7b69117e422984126a6037
test,static_hit,929141310,1,1,flank,aggressive_script,True,False,3,0.05,valid_hit|task_success,False,b6206daf98e4c6f4f492a7bda619663efe4e43dccb7b69117e422984126a6037
test,static_hit,1639606352,0,0,direct_upper,aggressive_script,True,False,3,0.05,valid_hit|task_success,False,b6206daf98e4c6f4f492a7bda619663efe4e43dccb7b69117e422984126a6037
test,static_hit,733165921,2,0,flank,aggressive_script,True,False,3,0.05,valid_hit|task_success,False,b6206daf98e4c6f4f492a7bda619663efe4e43dccb7b69117e422984126a6037
test,static_hit,1861328812,0,0,direct_upper,aggressive_script,True,False,3,0.05,valid_hit|task_success,False,b6206daf98e4c6f4f492a7bda619663efe4e43dccb7b69117e422984126a6037
test,static_hit,1846032996,2,1,direct_lower,aggressive_script,True,False,3,0.05,valid_hit|task_success,False,b6206daf98e4c6f4f492a7bda619663efe4e43dccb7b69117e422984126a6037
test,static_hit,1834854249,0,2,flank,aggressive_script,True,False,3,0.05,valid_hit|task_success,False,b6206daf98e4c6f4f492a7bda619663efe4e43dccb7b69117e422984126a6037
test,static_hit,226485005,1,1,flank,aggressive_script,True,False,3,0.05,valid_hit|task_success,False,b6206daf98e4c6f4f492a7bda619663efe4e43dccb7b69117e422984126a6037
test,static_hit,2127802531,2,1,flank,aggressive_script,True,False,3,0.05,valid_hit|task_success,False,b6206daf98e4c6f4f492a7bda619663efe4e43dccb7b69117e422984126a6037
test,static_hit,620359005,0,0,flank,aggressive_script,True,False,3,0.05,valid_hit|task_success,False,b6206daf98e4c6f4f492a7bda619663efe4e43dccb7b69117e422984126a6037
test,static_hit,1648979628,1,1,direct_upper,aggressive_script,True,False,3,0.05,valid_hit|task_success,False,b6206daf98e4c6f4f492a7bda619663efe4e43dccb7b69117e422984126a6037
test,static_hit,1457474133,2,0,direct_upper,aggressive_script,True,False,3,0.05,valid_hit|task_success,False,b6206daf98e4c6f4f492a7bda619663efe4e43dccb7b69117e422984126a6037
test,static_hit,1083928996,0,2,flank,aggressive_script,True,False,3,0.05,valid_hit|task_success,False,b6206daf98e4c6f4f492a7bda619663efe4e43dccb7b69117e422984126a6037
test,static_hit,1067717032,2,2,direct_lower,aggressive_script,True,False,3,0.05,valid_hit|task_success,False,b6206daf98e4c6f4f492a7bda619663efe4e43dccb7b69117e422984126a6037
test,static_hit,762219656,0,0,direct_lower,aggressive_script,True,False,3,0.05,valid_hit|task_success,False,b6206daf98e4c6f4f492a7bda619663efe4e43dccb7b69117e422984126a6037
test,static_hit,1519710243,2,1,direct_upper,aggressive_script,True,False,3,0.05,valid_hit|task_success,False,b6206daf98e4c6f4f492a7bda619663efe4e43dccb7b69117e422984126a6037
test,static_hit,744745590,0,0,direct_lower,aggressive_script,True,False,3,0.05,valid_hit|task_success,False,b6206daf98e4c6f4f492a7bda619663efe4e43dccb7b69117e422984126a6037
test,static_hit,975957759,1,0,flank,aggressive_script,True,False,3,0.05,valid_hit|task_success,False,b6206daf98e4c6f4f492a7bda619663efe4e43dccb7b69117e422984126a6037
test,static_hit,1960893192,0,1,direct_upper,aggressive_script,True,False,3,0.05,valid_hit|task_success,False,b6206daf98e4c6f4f492a7bda619663efe4e43dccb7b69117e422984126a6037
test,static_hit,387092917,0,1,direct_lower,aggressive_script,True,False,3,0.05,valid_hit|task_success,False,b6206daf98e4c6f4f492a7bda619663efe4e43dccb7b69117e422984126a6037
test,static_hit,489185756,0,0,direct_lower,aggressive_script,True,False,3,0.05,valid_hit|task_success,False,b6206daf98e4c6f4f492a7bda619663efe4e43dccb7b69117e422984126a6037
test,static_hit,649382973,1,0,flank,aggressive_script,True,False,3,0.05,valid_hit|task_success,False,b6206daf98e4c6f4f492a7bda619663efe4e43dccb7b69117e422984126a6037
test,static_hit,2058585731,0,2,flank,aggressive_script,True,False,3,0.05,valid_hit|task_success,False,b6206daf98e4c6f4f492a7bda619663efe4e43dccb7b69117e422984126a6037
test,static_hit,496695159,1,2,direct_lower,aggressive_script,True,False,3,0.05,valid_hit|task_success,False,b6206daf98e4c6f4f492a7bda619663efe4e43dccb7b69117e422984126a6037
test,static_hit,289993641,1,1,direct_lower,aggressive_script,True,False,3,0.05,valid_hit|task_success,False,b6206daf98e4c6f4f492a7bda619663efe4e43dccb7b69117e422984126a6037
test,static_hit,244727292,1,1,flank,aggressive_script,True,False,3,0.05,valid_hit|task_success,False,b6206daf98e4c6f4f492a7bda619663efe4e43dccb7b69117e422984126a6037
test,static_hit,1608510102,2,0,direct_lower,aggressive_script,True,False,3,0.05,valid_hit|task_success,False,b6206daf98e4c6f4f492a7bda619663efe4e43dccb7b69117e422984126a6037
test,static_hit,802996293,1,2,direct_upper,aggressive_script,True,False,3,0.05,valid_hit|task_success,False,b6206daf98e4c6f4f492a7bda619663efe4e43dccb7b69117e422984126a6037
test,static_hit,1383382190,0,2,direct_lower,aggressive_script,True,False,3,0.05,valid_hit|task_success,False,b6206daf98e4c6f4f492a7bda619663efe4e43dccb7b69117e422984126a6037
test,static_hit,686146289,1,1,direct_lower,aggressive_script,True,False,3,0.05,valid_hit|task_success,False,b6206daf98e4c6f4f492a7bda619663efe4e43dccb7b69117e422984126a6037
test,static_hit,326754464,0,1,flank,aggressive_script,True,False,3,0.05,valid_hit|task_success,False,b6206daf98e4c6f4f492a7bda619663efe4e43dccb7b69117e422984126a6037
test,static_hit,1838226511,1,0,flank,aggressive_script,True,False,3,0.05,valid_hit|task_success,False,b6206daf98e4c6f4f492a7bda619663efe4e43dccb7b69117e422984126a6037
test,static_hit,2027441405,0,2,direct_lower,aggressive_script,True,False,3,0.05,valid_hit|task_success,False,b6206daf98e4c6f4f492a7bda619663efe4e43dccb7b69117e422984126a6037
test,static_hit,522118964,1,0,direct_lower,aggressive_script,True,False,3,0.05,valid_hit|task_success,False,b6206daf98e4c6f4f492a7bda619663efe4e43dccb7b69117e422984126a6037
test,static_hit,1485244983,0,0,flank,aggressive_script,True,False,3,0.05,valid_hit|task_success,False,b6206daf98e4c6f4f492a7bda619663efe4e43dccb7b69117e422984126a6037
test,static_hit,1882442285,1,0,direct_upper,aggressive_script,True,False,3,0.05,valid_hit|task_success,False,b6206daf98e4c6f4f492a7bda619663efe4e43dccb7b69117e422984126a6037
test,static_hit,1749393477,0,0,direct_upper,aggressive_script,True,False,3,0.05,valid_hit|task_success,False,b6206daf98e4c6f4f492a7bda619663efe4e43dccb7b69117e422984126a6037
test,static_hit,1541570858,2,1,direct_upper,aggressive_script,True,False,3,0.05,valid_hit|task_success,False,b6206daf98e4c6f4f492a7bda619663efe4e43dccb7b69117e422984126a6037
test,static_hit,566447040,2,1,flank,aggressive_script,True,False,3,0.05,valid_hit|task_success,False,b6206daf98e4c6f4f492a7bda619663efe4e43dccb7b69117e422984126a6037
test,static_hit,1002734359,2,1,direct_upper,aggressive_script,True,False,3,0.05,valid_hit|task_success,False,b6206daf98e4c6f4f492a7bda619663efe4e43dccb7b69117e422984126a6037
test,static_hit,7079938,0,0,flank,aggressive_script,True,False,3,0.05,valid_hit|task_success,False,b6206daf98e4c6f4f492a7bda619663efe4e43dccb7b69117e422984126a6037
test,static_hit,2021094850,0,1,direct_lower,aggressive_script,True,False,3,0.05,valid_hit|task_success,False,b6206daf98e4c6f4f492a7bda619663efe4e43dccb7b69117e422984126a6037
test,static_hit,830429369,1,2,direct_lower,aggressive_script,True,False,3,0.05,valid_hit|task_success,False,b6206daf98e4c6f4f492a7bda619663efe4e43dccb7b69117e422984126a6037
test,static_hit,1456889983,1,2,direct_upper,aggressive_script,True,False,3,0.05,valid_hit|task_success,False,b6206daf98e4c6f4f492a7bda619663efe4e43dccb7b69117e422984126a6037
test,static_hit,1292626450,0,0,direct_upper,aggressive_script,True,False,3,0.05,valid_hit|task_success,False,b6206daf98e4c6f4f492a7bda619663efe4e43dccb7b69117e422984126a6037
test,static_hit,319268724,2,1,direct_upper,aggressive_script,True,False,3,0.05,valid_hit|task_success,False,b6206daf98e4c6f4f492a7bda619663efe4e43dccb7b69117e422984126a6037
test,static_hit,5817714,2,0,flank,aggressive_script,True,False,3,0.05,valid_hit|task_success,False,b6206daf98e4c6f4f492a7bda619663efe4e43dccb7b69117e422984126a6037
test,static_hit,1226523461,1,1,direct_lower,aggressive_script,True,False,3,0.05,valid_hit|task_success,False,b6206daf98e4c6f4f492a7bda619663efe4e43dccb7b69117e422984126a6037
test,static_hit,496847712,0,1,direct_upper,aggressive_script,True,False,3,0.05,valid_hit|task_success,False,b6206daf98e4c6f4f492a7bda619663efe4e43dccb7b69117e422984126a6037
test,static_hit,181327690,2,0,direct_lower,aggressive_script,True,False,3,0.05,valid_hit|task_success,False,b6206daf98e4c6f4f492a7bda619663efe4e43dccb7b69117e422984126a6037
test,static_hit,2048028600,2,0,flank,aggressive_script,True,False,3,0.05,valid_hit|task_success,False,b6206daf98e4c6f4f492a7bda619663efe4e43dccb7b69117e422984126a6037
test,static_hit,152806005,0,1,direct_lower,aggressive_script,True,False,3,0.05,valid_hit|task_success,False,b6206daf98e4c6f4f492a7bda619663efe4e43dccb7b69117e422984126a6037
test,static_hit,1679038264,1,2,direct_upper,aggressive_script,True,False,3,0.05,valid_hit|task_success,False,b6206daf98e4c6f4f492a7bda619663efe4e43dccb7b69117e422984126a6037
test,static_hit,931834162,2,2,direct_upper,aggressive_script,True,False,3,0.05,valid_hit|task_success,False,b6206daf98e4c6f4f492a7bda619663efe4e43dccb7b69117e422984126a6037
test,static_hit,1694200361,0,0,flank,aggressive_script,True,False,3,0.05,valid_hit|task_success,False,b6206daf98e4c6f4f492a7bda619663efe4e43dccb7b69117e422984126a6037
test,static_hit,1343271744,0,0,direct_lower,aggressive_script,True,False,3,0.05,valid_hit|task_success,False,b6206daf98e4c6f4f492a7bda619663efe4e43dccb7b69117e422984126a6037
test,static_hit,1167975356,1,2,direct_lower,aggressive_script,True,False,3,0.05,valid_hit|task_success,False,b6206daf98e4c6f4f492a7bda619663efe4e43dccb7b69117e422984126a6037
test,static_hit,725655025,0,2,direct_lower,aggressive_script,True,False,3,0.05,valid_hit|task_success,False,b6206daf98e4c6f4f492a7bda619663efe4e43dccb7b69117e422984126a6037
test,static_hit,1185627294,2,2,flank,aggressive_script,True,False,3,0.05,valid_hit|task_success,False,b6206daf98e4c6f4f492a7bda619663efe4e43dccb7b69117e422984126a6037
test,static_hit,603327535,2,1,direct_upper,aggressive_script,True,False,3,0.05,valid_hit|task_success,False,b6206daf98e4c6f4f492a7bda619663efe4e43dccb7b69117e422984126a6037
test,static_hit,523753701,0,0,flank,aggressive_script,True,False,3,0.05,valid_hit|task_success,False,b6206daf98e4c6f4f492a7bda619663efe4e43dccb7b69117e422984126a6037
test,static_hit,1169312082,2,1,direct_upper,aggressive_script,True,False,3,0.05,valid_hit|task_success,False,b6206daf98e4c6f4f492a7bda619663efe4e43dccb7b69117e422984126a6037
test,static_hit,799953087,2,0,direct_upper,aggressive_script,True,False,3,0.05,valid_hit|task_success,False,b6206daf98e4c6f4f492a7bda619663efe4e43dccb7b69117e422984126a6037
test,static_hit,408291996,2,2,flank,aggressive_script,True,False,3,0.05,valid_hit|task_success,False,b6206daf98e4c6f4f492a7bda619663efe4e43dccb7b69117e422984126a6037
test,static_hit,1698929893,0,1,direct_upper,aggressive_script,True,False,3,0.05,valid_hit|task_success,False,b6206daf98e4c6f4f492a7bda619663efe4e43dccb7b69117e422984126a6037
test,static_hit,1000224992,1,2,flank,aggressive_script,True,False,3,0.05,valid_hit|task_success,False,b6206daf98e4c6f4f492a7bda619663efe4e43dccb7b69117e422984126a6037
test,static_hit,956714102,0,0,direct_upper,aggressive_script,True,False,3,0.05,valid_hit|task_success,False,b6206daf98e4c6f4f492a7bda619663efe4e43dccb7b69117e422984126a6037
test,static_hit,1917917102,2,1,direct_upper,aggressive_script,True,False,3,0.05,valid_hit|task_success,False,b6206daf98e4c6f4f492a7bda619663efe4e43dccb7b69117e422984126a6037
test,static_hit,1273763819,2,2,flank,aggressive_script,True,False,3,0.05,valid_hit|task_success,False,b6206daf98e4c6f4f492a7bda619663efe4e43dccb7b69117e422984126a6037
test,static_hit,840354431,0,2,direct_lower,aggressive_script,True,False,3,0.05,valid_hit|task_success,False,b6206daf98e4c6f4f492a7bda619663efe4e43dccb7b69117e422984126a6037
test,static_hit,142095247,0,0,flank,aggressive_script,True,False,3,0.05,valid_hit|task_success,False,b6206daf98e4c6f4f492a7bda619663efe4e43dccb7b69117e422984126a6037
test,static_hit,1475963233,2,0,flank,aggressive_script,True,False,3,0.05,valid_hit|task_success,False,b6206daf98e4c6f4f492a7bda619663efe4e43dccb7b69117e422984126a6037
test,static_hit,2032119093,2,1,direct_lower,aggressive_script,True,False,3,0.05,valid_hit|task_success,False,b6206daf98e4c6f4f492a7bda619663efe4e43dccb7b69117e422984126a6037
test,static_hit,347610799,1,2,flank,aggressive_script,True,False,3,0.05,valid_hit|task_success,False,b6206daf98e4c6f4f492a7bda619663efe4e43dccb7b69117e422984126a6037
test,static_hit,1638698613,2,2,direct_upper,aggressive_script,True,False,3,0.05,valid_hit|task_success,False,b6206daf98e4c6f4f492a7bda619663efe4e43dccb7b69117e422984126a6037
test,static_hit,814269995,0,2,direct_upper,aggressive_script,True,False,3,0.05,valid_hit|task_success,False,b6206daf98e4c6f4f492a7bda619663efe4e43dccb7b69117e422984126a6037
test,static_hit,1043561999,1,1,flank,aggressive_script,True,False,3,0.05,valid_hit|task_success,False,b6206daf98e4c6f4f492a7bda619663efe4e43dccb7b69117e422984126a6037
test,static_hit,1784806553,0,0,flank,aggressive_script,True,False,3,0.05,valid_hit|task_success,False,b6206daf98e4c6f4f492a7bda619663efe4e43dccb7b69117e422984126a6037
test,static_hit,327832981,2,1,direct_lower,aggressive_script,True,False,3,0.05,valid_hit|task_success,False,b6206daf98e4c6f4f492a7bda619663efe4e43dccb7b69117e422984126a6037
test,static_hit,1454428012,0,2,flank,aggressive_script,True,False,3,0.05,valid_hit|task_success,False,b6206daf98e4c6f4f492a7bda619663efe4e43dccb7b69117e422984126a6037
test,static_hit,433190671,2,1,flank,aggressive_script,True,False,3,0.05,valid_hit|task_success,False,b6206daf98e4c6f4f492a7bda619663efe4e43dccb7b69117e422984126a6037
test,static_hit,752059609,2,0,direct_lower,aggressive_script,True,False,3,0.05,valid_hit|task_success,False,b6206daf98e4c6f4f492a7bda619663efe4e43dccb7b69117e422984126a6037
test,static_hit,1423005613,2,1,direct_upper,aggressive_script,True,False,3,0.05,valid_hit|task_success,False,b6206daf98e4c6f4f492a7bda619663efe4e43dccb7b69117e422984126a6037
test,static_hit,714653977,0,1,direct_lower,aggressive_script,True,False,3,0.05,valid_hit|task_success,False,b6206daf98e4c6f4f492a7bda619663efe4e43dccb7b69117e422984126a6037
test,moving_hit,1612608642,0,1,direct_lower,aggressive_script,True,False,3,0.05,valid_hit|task_success,False,b6206daf98e4c6f4f492a7bda619663efe4e43dccb7b69117e422984126a6037
test,moving_hit,162009335,2,1,direct_upper,aggressive_script,True,False,3,0.05,valid_hit|task_success,False,b6206daf98e4c6f4f492a7bda619663efe4e43dccb7b69117e422984126a6037
test,moving_hit,1077244708,0,2,direct_upper,aggressive_script,True,False,3,0.05,valid_hit|task_success,False,b6206daf98e4c6f4f492a7bda619663efe4e43dccb7b69117e422984126a6037
test,moving_hit,1352725275,2,1,flank,aggressive_script,True,False,3,0.05,valid_hit|task_success,False,b6206daf98e4c6f4f492a7bda619663efe4e43dccb7b69117e422984126a6037
test,moving_hit,376097255,1,0,flank,aggressive_script,True,False,3,0.05,valid_hit|task_success,False,b6206daf98e4c6f4f492a7bda619663efe4e43dccb7b69117e422984126a6037
test,moving_hit,484863644,2,1,direct_upper,aggressive_script,True,False,3,0.05,valid_hit|task_success,False,b6206daf98e4c6f4f492a7bda619663efe4e43dccb7b69117e422984126a6037
test,moving_hit,808533086,1,1,direct_upper,aggressive_script,True,False,3,0.05,valid_hit|task_success,False,b6206daf98e4c6f4f492a7bda619663efe4e43dccb7b69117e422984126a6037
test,moving_hit,681548021,1,1,direct_upper,aggressive_script,True,False,3,0.05,valid_hit|task_success,False,b6206daf98e4c6f4f492a7bda619663efe4e43dccb7b69117e422984126a6037
test,moving_hit,51606938,1,2,flank,aggressive_script,True,False,3,0.05,valid_hit|task_success,False,b6206daf98e4c6f4f492a7bda619663efe4e43dccb7b69117e422984126a6037
test,moving_hit,2111761308,0,0,direct_lower,aggressive_script,True,False,3,0.05,valid_hit|task_success,False,b6206daf98e4c6f4f492a7bda619663efe4e43dccb7b69117e422984126a6037
test,moving_hit,1826994148,2,0,direct_upper,aggressive_script,True,False,3,0.05,valid_hit|task_success,False,b6206daf98e4c6f4f492a7bda619663efe4e43dccb7b69117e422984126a6037
test,moving_hit,353476107,1,1,direct_lower,aggressive_script,True,False,3,0.05,valid_hit|task_success,False,b6206daf98e4c6f4f492a7bda619663efe4e43dccb7b69117e422984126a6037
test,moving_hit,934030636,2,1,direct_upper,aggressive_script,True,False,3,0.05,valid_hit|task_success,False,b6206daf98e4c6f4f492a7bda619663efe4e43dccb7b69117e422984126a6037
test,moving_hit,1798630843,0,2,flank,aggressive_script,True,False,3,0.05,valid_hit|task_success,False,b6206daf98e4c6f4f492a7bda619663efe4e43dccb7b69117e422984126a6037
test,moving_hit,1895461469,0,1,flank,aggressive_script,True,False,3,0.05,valid_hit|task_success,False,b6206daf98e4c6f4f492a7bda619663efe4e43dccb7b69117e422984126a6037
test,moving_hit,40247720,0,0,flank,aggressive_script,True,False,3,0.05,valid_hit|task_success,False,b6206daf98e4c6f4f492a7bda619663efe4e43dccb7b69117e422984126a6037
test,moving_hit,869554820,1,2,direct_upper,aggressive_script,True,False,3,0.05,valid_hit|task_success,False,b6206daf98e4c6f4f492a7bda619663efe4e43dccb7b69117e422984126a6037
test,moving_hit,813339658,0,2,direct_upper,aggressive_script,True,False,3,0.05,valid_hit|task_success,False,b6206daf98e4c6f4f492a7bda619663efe4e43dccb7b69117e422984126a6037
test,moving_hit,836025733,2,2,direct_upper,aggressive_script,True,False,3,0.05,valid_hit|task_success,False,b6206daf98e4c6f4f492a7bda619663efe4e43dccb7b69117e422984126a6037
test,moving_hit,508788191,0,0,flank,aggressive_script,True,False,3,0.05,valid_hit|task_success,False,b6206daf98e4c6f4f492a7bda619663efe4e43dccb7b69117e422984126a6037
test,moving_hit,1939972172,0,2,flank,aggressive_script,True,False,3,0.05,valid_hit|task_success,False,b6206daf98e4c6f4f492a7bda619663efe4e43dccb7b69117e422984126a6037
test,moving_hit,480872117,1,1,flank,aggressive_script,True,False,3,0.05,valid_hit|task_success,False,b6206daf98e4c6f4f492a7bda619663efe4e43dccb7b69117e422984126a6037
test,moving_hit,984834733,1,2,flank,aggressive_script,True,False,3,0.05,valid_hit|task_success,False,b6206daf98e4c6f4f492a7bda619663efe4e43dccb7b69117e422984126a6037
test,moving_hit,1677947833,0,1,direct_upper,aggressive_script,True,False,3,0.05,valid_hit|task_success,False,b6206daf98e4c6f4f492a7bda619663efe4e43dccb7b69117e422984126a6037
test,moving_hit,47480005,0,2,direct_upper,aggressive_script,True,False,3,0.05,valid_hit|task_success,False,b6206daf98e4c6f4f492a7bda619663efe4e43dccb7b69117e422984126a6037
test,moving_hit,242325595,0,1,direct_upper,aggressive_script,True,False,3,0.05,valid_hit|task_success,False,b6206daf98e4c6f4f492a7bda619663efe4e43dccb7b69117e422984126a6037
test,moving_hit,1761071045,2,1,direct_lower,aggressive_script,True,False,3,0.05,valid_hit|task_success,False,b6206daf98e4c6f4f492a7bda619663efe4e43dccb7b69117e422984126a6037
test,moving_hit,1515624126,1,2,direct_lower,aggressive_script,True,False,3,0.05,valid_hit|task_success,False,b6206daf98e4c6f4f492a7bda619663efe4e43dccb7b69117e422984126a6037
test,moving_hit,896729721,2,1,direct_lower,aggressive_script,True,False,3,0.05,valid_hit|task_success,False,b6206daf98e4c6f4f492a7bda619663efe4e43dccb7b69117e422984126a6037
test,moving_hit,2147437055,1,0,direct_upper,aggressive_script,True,False,3,0.05,valid_hit|task_success,False,b6206daf98e4c6f4f492a7bda619663efe4e43dccb7b69117e422984126a6037
test,moving_hit,890806240,1,2,direct_lower,aggressive_script,True,False,3,0.05,valid_hit|task_success,False,b6206daf98e4c6f4f492a7bda619663efe4e43dccb7b69117e422984126a6037
test,moving_hit,1980328340,0,2,direct_upper,aggressive_script,True,False,3,0.05,valid_hit|task_success,False,b6206daf98e4c6f4f492a7bda619663efe4e43dccb7b69117e422984126a6037
test,moving_hit,2009179439,2,2,direct_upper,aggressive_script,True,False,3,0.05,valid_hit|task_success,False,b6206daf98e4c6f4f492a7bda619663efe4e43dccb7b69117e422984126a6037
test,moving_hit,859460195,2,2,direct_lower,aggressive_script,True,False,3,0.05,valid_hit|task_success,False,b6206daf98e4c6f4f492a7bda619663efe4e43dccb7b69117e422984126a6037
test,moving_hit,1422738671,0,1,direct_upper,aggressive_script,True,False,3,0.05,valid_hit|task_success,False,b6206daf98e4c6f4f492a7bda619663efe4e43dccb7b69117e422984126a6037
test,moving_hit,817491183,1,1,direct_lower,aggressive_script,True,False,3,0.05,valid_hit|task_success,False,b6206daf98e4c6f4f492a7bda619663efe4e43dccb7b69117e422984126a6037
test,moving_hit,1711829205,0,2,flank,aggressive_script,True,False,3,0.05,valid_hit|task_success,False,b6206daf98e4c6f4f492a7bda619663efe4e43dccb7b69117e422984126a6037
test,moving_hit,940251058,1,0,direct_lower,aggressive_script,True,False,3,0.05,valid_hit|task_success,False,b6206daf98e4c6f4f492a7bda619663efe4e43dccb7b69117e422984126a6037
test,moving_hit,1450789661,1,2,flank,aggressive_script,True,False,3,0.05,valid_hit|task_success,False,b6206daf98e4c6f4f492a7bda619663efe4e43dccb7b69117e422984126a6037
test,moving_hit,402020821,0,2,flank,aggressive_script,True,False,3,0.05,valid_hit|task_success,False,b6206daf98e4c6f4f492a7bda619663efe4e43dccb7b69117e422984126a6037
test,moving_hit,1149397007,0,1,direct_upper,aggressive_script,True,False,3,0.05,valid_hit|task_success,False,b6206daf98e4c6f4f492a7bda619663efe4e43dccb7b69117e422984126a6037
test,moving_hit,94706544,2,0,direct_upper,aggressive_script,True,False,3,0.05,valid_hit|task_success,False,b6206daf98e4c6f4f492a7bda619663efe4e43dccb7b69117e422984126a6037
test,moving_hit,1108273308,0,0,direct_upper,aggressive_script,True,False,3,0.05,valid_hit|task_success,False,b6206daf98e4c6f4f492a7bda619663efe4e43dccb7b69117e422984126a6037
test,moving_hit,1855917986,2,1,flank,aggressive_script,True,False,3,0.05,valid_hit|task_success,False,b6206daf98e4c6f4f492a7bda619663efe4e43dccb7b69117e422984126a6037
test,moving_hit,1525439080,1,2,flank,aggressive_script,True,False,3,0.05,valid_hit|task_success,False,b6206daf98e4c6f4f492a7bda619663efe4e43dccb7b69117e422984126a6037
test,moving_hit,969719617,1,2,direct_upper,aggressive_script,True,False,3,0.05,valid_hit|task_success,False,b6206daf98e4c6f4f492a7bda619663efe4e43dccb7b69117e422984126a6037
test,moving_hit,1855729225,1,1,flank,aggressive_script,True,False,3,0.05,valid_hit|task_success,False,b6206daf98e4c6f4f492a7bda619663efe4e43dccb7b69117e422984126a6037
test,moving_hit,608373596,1,0,flank,aggressive_script,True,False,3,0.05,valid_hit|task_success,False,b6206daf98e4c6f4f492a7bda619663efe4e43dccb7b69117e422984126a6037
test,moving_hit,2008590606,2,2,direct_lower,aggressive_script,True,False,3,0.05,valid_hit|task_success,False,b6206daf98e4c6f4f492a7bda619663efe4e43dccb7b69117e422984126a6037
test,moving_hit,1479151322,1,2,flank,aggressive_script,True,False,3,0.05,valid_hit|task_success,False,b6206daf98e4c6f4f492a7bda619663efe4e43dccb7b69117e422984126a6037
test,moving_hit,1998435897,2,2,flank,aggressive_script,True,False,3,0.05,valid_hit|task_success,False,b6206daf98e4c6f4f492a7bda619663efe4e43dccb7b69117e422984126a6037
test,moving_hit,1667800086,1,1,direct_lower,aggressive_script,True,False,3,0.05,valid_hit|task_success,False,b6206daf98e4c6f4f492a7bda619663efe4e43dccb7b69117e422984126a6037
test,moving_hit,201610188,1,0,direct_upper,aggressive_script,True,False,3,0.05,valid_hit|task_success,False,b6206daf98e4c6f4f492a7bda619663efe4e43dccb7b69117e422984126a6037
test,moving_hit,843499184,1,0,flank,aggressive_script,True,False,3,0.05,valid_hit|task_success,False,b6206daf98e4c6f4f492a7bda619663efe4e43dccb7b69117e422984126a6037
test,moving_hit,1197486881,1,1,flank,aggressive_script,True,False,3,0.05,valid_hit|task_success,False,b6206daf98e4c6f4f492a7bda619663efe4e43dccb7b69117e422984126a6037
test,moving_hit,89626776,2,1,direct_upper,aggressive_script,True,False,3,0.05,valid_hit|task_success,False,b6206daf98e4c6f4f492a7bda619663efe4e43dccb7b69117e422984126a6037
test,moving_hit,207688952,2,2,direct_lower,aggressive_script,True,False,3,0.05,valid_hit|task_success,False,b6206daf98e4c6f4f492a7bda619663efe4e43dccb7b69117e422984126a6037
test,moving_hit,1036572951,1,2,direct_lower,aggressive_script,True,False,3,0.05,valid_hit|task_success,False,b6206daf98e4c6f4f492a7bda619663efe4e43dccb7b69117e422984126a6037
test,moving_hit,1850336985,0,0,direct_lower,aggressive_script,True,False,3,0.05,valid_hit|task_success,False,b6206daf98e4c6f4f492a7bda619663efe4e43dccb7b69117e422984126a6037
test,moving_hit,1227148460,0,2,flank,aggressive_script,True,False,3,0.05,valid_hit|task_success,False,b6206daf98e4c6f4f492a7bda619663efe4e43dccb7b69117e422984126a6037
test,moving_hit,1848730362,0,1,direct_upper,aggressive_script,True,False,3,0.05,valid_hit|task_success,False,b6206daf98e4c6f4f492a7bda619663efe4e43dccb7b69117e422984126a6037
test,moving_hit,6897077,1,1,direct_upper,aggressive_script,True,False,3,0.05,valid_hit|task_success,False,b6206daf98e4c6f4f492a7bda619663efe4e43dccb7b69117e422984126a6037
test,moving_hit,490205800,2,0,direct_lower,aggressive_script,True,False,3,0.05,valid_hit|task_success,False,b6206daf98e4c6f4f492a7bda619663efe4e43dccb7b69117e422984126a6037
test,moving_hit,675112536,0,1,direct_lower,aggressive_script,True,False,3,0.05,valid_hit|task_success,False,b6206daf98e4c6f4f492a7bda619663efe4e43dccb7b69117e422984126a6037
test,moving_hit,314240363,1,2,flank,aggressive_script,True,False,3,0.05,valid_hit|task_success,False,b6206daf98e4c6f4f492a7bda619663efe4e43dccb7b69117e422984126a6037
test,moving_hit,1887078604,1,0,direct_lower,aggressive_script,True,False,3,0.05,valid_hit|task_success,False,b6206daf98e4c6f4f492a7bda619663efe4e43dccb7b69117e422984126a6037
test,moving_hit,72220003,0,1,direct_lower,aggressive_script,True,False,3,0.05,valid_hit|task_success,False,b6206daf98e4c6f4f492a7bda619663efe4e43dccb7b69117e422984126a6037
test,moving_hit,308971258,0,2,direct_upper,aggressive_script,True,False,3,0.05,valid_hit|task_success,False,b6206daf98e4c6f4f492a7bda619663efe4e43dccb7b69117e422984126a6037
test,moving_hit,1390641979,2,2,direct_lower,aggressive_script,True,False,3,0.05,valid_hit|task_success,False,b6206daf98e4c6f4f492a7bda619663efe4e43dccb7b69117e422984126a6037
test,moving_hit,805162635,0,1,direct_upper,aggressive_script,True,False,3,0.05,valid_hit|task_success,False,b6206daf98e4c6f4f492a7bda619663efe4e43dccb7b69117e422984126a6037
test,moving_hit,1261371441,2,1,flank,aggressive_script,True,False,3,0.05,valid_hit|task_success,False,b6206daf98e4c6f4f492a7bda619663efe4e43dccb7b69117e422984126a6037
test,moving_hit,600069918,2,1,direct_upper,aggressive_script,True,False,3,0.05,valid_hit|task_success,False,b6206daf98e4c6f4f492a7bda619663efe4e43dccb7b69117e422984126a6037
test,moving_hit,45074725,1,2,direct_lower,aggressive_script,True,False,3,0.05,valid_hit|task_success,False,b6206daf98e4c6f4f492a7bda619663efe4e43dccb7b69117e422984126a6037
test,moving_hit,2024911901,1,0,flank,aggressive_script,True,False,3,0.05,valid_hit|task_success,False,b6206daf98e4c6f4f492a7bda619663efe4e43dccb7b69117e422984126a6037
test,moving_hit,1403504967,1,0,direct_upper,aggressive_script,True,False,3,0.05,valid_hit|task_success,False,b6206daf98e4c6f4f492a7bda619663efe4e43dccb7b69117e422984126a6037
test,moving_hit,98985397,1,0,flank,aggressive_script,True,False,3,0.05,valid_hit|task_success,False,b6206daf98e4c6f4f492a7bda619663efe4e43dccb7b69117e422984126a6037
test,moving_hit,1281313079,0,1,direct_lower,aggressive_script,True,False,3,0.05,valid_hit|task_success,False,b6206daf98e4c6f4f492a7bda619663efe4e43dccb7b69117e422984126a6037
test,moving_hit,804464669,0,0,flank,aggressive_script,True,False,3,0.05,valid_hit|task_success,False,b6206daf98e4c6f4f492a7bda619663efe4e43dccb7b69117e422984126a6037
test,moving_hit,849240826,0,2,flank,aggressive_script,True,False,3,0.05,valid_hit|task_success,False,b6206daf98e4c6f4f492a7bda619663efe4e43dccb7b69117e422984126a6037
test,moving_hit,2098192670,1,0,direct_upper,aggressive_script,True,False,3,0.05,valid_hit|task_success,False,b6206daf98e4c6f4f492a7bda619663efe4e43dccb7b69117e422984126a6037
test,moving_hit,1743781017,0,0,flank,aggressive_script,True,False,3,0.05,valid_hit|task_success,False,b6206daf98e4c6f4f492a7bda619663efe4e43dccb7b69117e422984126a6037
test,moving_hit,1900191709,2,1,flank,aggressive_script,True,False,3,0.05,valid_hit|task_success,False,b6206daf98e4c6f4f492a7bda619663efe4e43dccb7b69117e422984126a6037
test,moving_hit,206837716,0,2,flank,aggressive_script,True,False,3,0.05,valid_hit|task_success,False,b6206daf98e4c6f4f492a7bda619663efe4e43dccb7b69117e422984126a6037
test,moving_hit,593389747,1,2,direct_upper,aggressive_script,True,False,3,0.05,valid_hit|task_success,False,b6206daf98e4c6f4f492a7bda619663efe4e43dccb7b69117e422984126a6037
test,moving_hit,338154222,2,2,direct_upper,aggressive_script,True,False,3,0.05,valid_hit|task_success,False,b6206daf98e4c6f4f492a7bda619663efe4e43dccb7b69117e422984126a6037
test,moving_hit,1813525229,2,0,flank,aggressive_script,True,False,3,0.05,valid_hit|task_success,False,b6206daf98e4c6f4f492a7bda619663efe4e43dccb7b69117e422984126a6037
test,moving_hit,1196545104,1,0,direct_upper,aggressive_script,True,False,3,0.05,valid_hit|task_success,False,b6206daf98e4c6f4f492a7bda619663efe4e43dccb7b69117e422984126a6037
test,moving_hit,2119829311,0,2,flank,aggressive_script,True,False,3,0.05,valid_hit|task_success,False,b6206daf98e4c6f4f492a7bda619663efe4e43dccb7b69117e422984126a6037
test,moving_hit,487034707,0,0,direct_lower,aggressive_script,True,False,3,0.05,valid_hit|task_success,False,b6206daf98e4c6f4f492a7bda619663efe4e43dccb7b69117e422984126a6037
test,moving_hit,329976046,0,1,direct_upper,aggressive_script,True,False,3,0.05,valid_hit|task_success,False,b6206daf98e4c6f4f492a7bda619663efe4e43dccb7b69117e422984126a6037
test,moving_hit,674514174,2,1,direct_upper,aggressive_script,True,False,3,0.05,valid_hit|task_success,False,b6206daf98e4c6f4f492a7bda619663efe4e43dccb7b69117e422984126a6037
test,moving_hit,1925471351,0,1,direct_upper,aggressive_script,True,False,3,0.05,valid_hit|task_success,False,b6206daf98e4c6f4f492a7bda619663efe4e43dccb7b69117e422984126a6037
test,moving_hit,222030139,0,0,flank,aggressive_script,True,False,3,0.05,valid_hit|task_success,False,b6206daf98e4c6f4f492a7bda619663efe4e43dccb7b69117e422984126a6037
test,moving_hit,576611555,2,1,direct_upper,aggressive_script,True,False,3,0.05,valid_hit|task_success,False,b6206daf98e4c6f4f492a7bda619663efe4e43dccb7b69117e422984126a6037
test,moving_hit,2088114091,2,1,direct_lower,aggressive_script,True,False,3,0.05,valid_hit|task_success,False,b6206daf98e4c6f4f492a7bda619663efe4e43dccb7b69117e422984126a6037
test,moving_hit,2113538317,0,0,flank,aggressive_script,True,False,3,0.05,valid_hit|task_success,False,b6206daf98e4c6f4f492a7bda619663efe4e43dccb7b69117e422984126a6037
test,moving_hit,2111539576,0,0,direct_upper,aggressive_script,True,False,3,0.05,valid_hit|task_success,False,b6206daf98e4c6f4f492a7bda619663efe4e43dccb7b69117e422984126a6037
test,moving_hit,699737170,1,1,direct_lower,aggressive_script,True,False,3,0.05,valid_hit|task_success,False,b6206daf98e4c6f4f492a7bda619663efe4e43dccb7b69117e422984126a6037
test,moving_hit,1284603989,1,1,direct_upper,aggressive_script,True,False,3,0.05,valid_hit|task_success,False,b6206daf98e4c6f4f492a7bda619663efe4e43dccb7b69117e422984126a6037
test,moving_hit,1684843813,1,1,direct_upper,aggressive_script,True,False,3,0.05,valid_hit|task_success,False,b6206daf98e4c6f4f492a7bda619663efe4e43dccb7b69117e422984126a6037
